signal_type,detected_at,job_id,job_url,company_name,company_linkedin_url,company_website,company_domain,job_title,job_description,compensation_text,compensation_min,compensation_max,compensation_currency,compensation_period,role_family,intent_score,evidence_terms,offer_angle,outreach_reason,status
pipeline_engine_hiring_intent,2026-06-22T15:07:07.370660+00:00,4429112775,https://www.linkedin.com/jobs/view/4429112775/,Kyriba,https://www.linkedin.com/company/kyriba/,https://www.kyriba.com/,kyriba.com,Business Development Representative,"Dream Big. Go Beyond. Be Unstoppable.

About Us

Kyriba is a global fintech leader empowering CFOs and finance teams with cloud-based treasury, payments, risk management and working capital solutions. We serve 3,000+ customers worldwide, managing $15 trillion in payments annually and helping businesses optimize liquidity performance across the enterprise.

We're on a mission to become the most sought-after cloud technology company globally. We think big, innovate relentlessly, and challenge the status quo every day. If you are a problem-solver who’s ready to push boundaries and achieve more than you thought possible-you'll find an exceptional career within an extraordinary business.

Essential Duties And Responsibilities


Educate contacts through comprehensive discussions surrounding their current Treasury operations and Kyriba’s product offerings.
Become fluent with all scripting, and speak with general proficiency regarding basic Treasury terminology and concepts.
Understand where the prospect is in the buying process and qualify accordingly.
Nurture non-qualified prospects by offering resources and educational materials.
Follow-up on inquiries from marketing campaigns, online ads, events and webinars.
Perform high volume outbound calling activities combined with e-mail marketing.
Gather key information to update SalesForce.com in order to effectively prospect specified territory.
Enhance product knowledge through regularly scheduled training sessions and self-education.
Become part of a very collaborative team in terms of training and sharing education, and best practices.
Establish and maintain strong relationships with the sales executive in assigned territory.
Provide qualified sales-ready opportunities to the field sales organization to engage in our sales cycle.


Education, Experience And Skills


1 year+ professional work experience or sales internship preferred. 
Successful track record in inside sales or cold calling environment preferred.
Ability to handle high outbound call volume with corresponding high talk time.
Must be articulate, organized, detail-oriented, and have the ability to multitask in a dynamic, fast-changing entrepreneurial environment.
Ability to learn complex Treasury concepts and incorporate into daily interactions and conversations.
Ability to build rapport with prospects and transition inquiries over time to the sales force.
Strong phone, prospecting, sales, customer service, and interpersonal skills.
Understand the customer’s environment and introduces new concepts to solve the customer’s problems.
Effective listener to understand prospect needs.
Ability to effectively communicate with internal stakeholders.
Must hold a bachelors degree


Our Values Guide Everything We Do


Think Big & Constantly Innovate: We have the confidence to think big, embrace change, challenge the status quo, and continuously evolve - incorporating new technologies and driving industry progress. 
Put our Customers’ Outcomes First: We are passionate about delivering the highest value for our customers and supporting them with end-to-end care throughout their journey with us. 
Act with Integrity: Integrity is at the heart of everything we do. We take personal responsibility for our actions, own our decisions, and honour each other’s contributions. We empower each other through honesty, respect, trust and transparency. 
Work as One Team: We are driven by our common goals and share in each other’s successes and failures, learning and working together as a team where everyone can bring their best selves. 
Strive for Excellence while Having Fun: We enjoy tackling new challenges together, and revel in continuous improvement as we deliver, with ultimate professionalism, the very best for our customers, while exceeding our own expectations.


At Kyriba we value pay transparency and fairness. 

For new hires, the base salary range for this role is $23.56 - $27.50 hourly. Salary can progress beyond this range through sustained performance and demonstrated success in the role. In addition to base pay, this position may be eligible for variable compensation (eg. performance bonus or commission-based plan) and a long-term incentive. The final package will be determined by factors such as skills, experience and qualifications. Kyriba also offers a comprehensive range of health, welfare and wellbeing benefits designed to support both your professional and personal life.

Kyriba believes that everyone has the ability to make an impact, and we are proud to be an equal opportunity employer committed to providing employment opportunity regardless of sex, race, creed, color, gender, religion, marital status, domestic partner status, age, national origin or ancestry, physical or mental disability, medical condition, sexual orientation, pregnancy, military or veteran status, citizenship, and genetic information. See EEO Law.

We aim to make our recruitment process accessible to everyone. If you need a reasonable accommodation at any point in the application or interview process, or to perform essential job functions, please click here to submit a request. All information provided is confidential, restricted to our accommodations team, and will not impact your candidacy. Please refer to our Candidate Privacy Policy for more information.","For new hires, the base salary range for this role is $23.56 - $27.50 hourly. Salary can progress beyond this range through sustained performance and demonstrated success in the role. In addition to base pay, this position may be eligible for variable compensation (eg. performance bonus or commission-based plan) and a long-term incentive. The final package will be determined by factors such as skills, experience and qualifications. Kyriba also offers a comprehensive range of health, welfare and wellbeing benefits designed to support both your professional and personal life.",23.56,27.5,USD,hour,direct_outbound,100,"cold calling, outbound, prospecting, salesforce","Build the targeting, lead sourcing, sequences, follow-ups, CRM updates, attribution, and reporting around the outbound role.",Kyriba is actively hiring a Business Development Representative. The role indicates current investment in outbound or pipeline capacity.,opportunity_detected
pipeline_engine_hiring_intent,2026-06-22T15:07:07.370660+00:00,4391160446,https://www.linkedin.com/jobs/view/4391160446/,FloQast,https://www.linkedin.com/company/floqast/,http://www.floqast.com/,floqast.com,Business Development Representative (Audit/Accounting Experience),"The Business Development Representative (BDR) is a high impact position that will be joining our rapidly growing sales team to help obtain new clients for our SaaS accounting solution. We are looking for motivated individuals who are determined to add value and are driven by team wins and sales commissions. Our solution is targeted at those responsible for the finance and accounting functions within organizations of all types and sizes. We call on key client stakeholders within the office of the Chief Financial Officer (CFO). If you are looking to advance your career, this role will serve as the foundation for an exciting pathway into sales.

This role has a requirement of working in office 3 days per week, which may be subject to change based on team and business needs, as determined by the department leader. Please note that this requirement is subject to ongoing review and may be adjusted in the future.


Visa sponsorship is NOT available at this time*


What You'll Do


Cultivate new business opportunities and create outreach strategies to build rapport with senior level executives at potential clients
Develop and maintain an effective level of understanding of the barriers our clients face while strategizing and identifying solutions for FloQast to help resolve them
Utilize all available means to create robust and effective prospecting lists (including internet sources, social media, referrals, and inbound leads)
Build effective outbound communication strategies for sales prospecting including phone outreach, email, social media etc.
Meet or exceed daily/weekly activity targets for: Conversations with key influencers and decision makers via outbound communication efforts: Scheduling and conducting introductory qualifying calls; Converting qualified prospects to scheduled demos for Account Executives
Track progress and document activities in Salesforce automation systems
Effectively work cross functionally with stakeholders, including Account Executives, Marketing, and Sales Management


What You'll Bring


Past Audit/Accounting experience is REQUIRED, any amount of Audit/Accounting experience is acceptable to apply
Demonstrated ability and desire to learn new concepts
Eager to be coached
Commitment to self-improvement and success 
Team player with a collaborative orientation
Ability to remain organized and execute in a fast-paced environment
Tenacious and committed to exceeding targets
Excellent verbal and written communication skills
Competitive, ambitious and driven, with a self-starter attitude
Interested in starting a sales career


Nice-to-Haves


Cold calling and/or Salesforce.com experience a plus but not required 


#BI-Hybrid

The base pay for this position is $70,000. This position is eligible for a commission plan in addition to base pay with an OTE of $95,000. Compensation is not limited to base salary. Compensation is not limited to base salary. FloQast values our Total Rewards, and offers a competitive and elaborate Benefits Package including, but not limited to, Medical, Dental, Vision, Family Forming benefits, Life & Disability Insurance, and Unlimited Vacation. FloQast reserves the right to amend, change, alter, and revise pay ranges and benefits offerings at any time. All applicants acknowledge that by applying to this position you understand that this specific pay range is contingent upon meeting the qualifications and requirements of the role, and for the successful completion of the interview selection and process. It is at the Company's discretion to determine what pay is provided to a candidate within the range associated with the role.

About FloQast

FloQast is the leading AI-powered Accounting Transformation Platform, uniquely built by former accountants for accountants. We automate complex, recurring accounting workflows—transforming preparers into strategic reviewers and relieving accountants from tedious manual work. Our cloud-based solution is trusted by over 3,500 world-class accounting teams, including Lululemon, Doordash, and the MLB, to drive collaboration and financial accuracy. Driven by a mission to continuously elevate the profession, FloQast is redefining both the practice and the perception of accounting on a global scale.

Our Values Act As a Guiding Compass, Shaping Every Decision We Make, And Are Non-negotiable, Particularly In Our Hiring Process. Alongside Our Employees, Partners, And Customers, We Embody These Values Every Day

Unwaveringly Authentic

Ambitious with Integrity

Empowered to Grow

Committed to Collaboration

Customer Obsessed in All Ways

FloQast is regularly rated as a Best Place to Work!


 Inc. Magazine’s Best Workplaces in 2025, 2024, 2023, 2022, and 2021
 Best Places to Work by LA Business Journal since 2017 (that’s 9 years!)
 Built In’s Best Place to Work in Los Angeles 7 years in a row!


Because we are Customer Obsessed in All Ways, check out what our customers have to say about FloQast on G2 Crowd .

If this aligns closely with what you are looking for, hit “Apply” and come join our growing team!

FloQast, Inc is committed to operating fair and unbiased recruitment procedures allowing all applicants an equal opportunity for employment, free from discrimination on the basis of religion, race, sex, age, sexual orientation, disability, color, ethnic or national origin, or any other classification as may be protected by applicable law. We aim to recruit the right people for the jobs we have to offer, and to assess applications on the basis of relevant skills, education, and experience. We welcome people of different backgrounds, experiences, abilities, and perspectives. We are an equal opportunity employer and strive to provide a professional and welcoming workplace for all employees.

Link to FloQast Recruiting AI Usage Policy

We may use artificial intelligence (AI) tools to support parts of the hiring process, such as reviewing applications, analyzing resumes, or assessing responses and identifying potential inconsistencies or verification signals in application materials based on available information. These tools assist our recruitment team but do not replace human judgment. Final hiring decisions are ultimately made by humans. If you would like more information about how your data is processed, please contact us.","The base pay for this position is $70,000. This position is eligible for a commission plan in addition to base pay with an OTE of $95,000. Compensation is not limited to base salary. Compensation is not limited to base salary. FloQast values our Total Rewards, and offers a competitive and elaborate Benefits Package including, but not limited to, Medical, Dental, Vision, Family Forming benefits, Life & Disability Insurance, and Unlimited Vacation. FloQast reserves the right to amend, change, alter, and revise pay ranges and benefits offerings at any time. All applicants acknowledge that by applying to this position you understand that this specific pay range is contingent upon meeting the qualifications and requirements of the role, and for the successful completion of the interview selection and process. It is at the Company's discretion to determine what pay is provided to a candidate within the range associated with the role.",70000.0,95000.0,USD,year,direct_outbound,100,"cold calling, outbound, prospecting, salesforce","Build the targeting, lead sourcing, sequences, follow-ups, CRM updates, attribution, and reporting around the outbound role.",FloQast is actively hiring a Business Development Representative (Audit/Accounting Experience). The role indicates current investment in outbound or pipeline capacity.,opportunity_detected
pipeline_engine_hiring_intent,2026-06-22T15:07:07.370660+00:00,4431673542,https://www.linkedin.com/jobs/view/4431673542/,Synthetic Users,https://www.linkedin.com/company/syntheticusers/,https://www.syntheticusers.com/,syntheticusers.com,Sales Development Representative,"Sales Revenue Representative (SRD) — UK & Portugal

 Synthetic Users · Remote-first (UK or Portugal-based) · Full-time

 Selling research insights to people who weren't sure research could move this fast.




THE JOB

Own the conversation from ""wait, that's not real research"" to ""we just ran our whole discovery phase before lunch.""

You'll close revenue — we won't dress that up. You'll run discovery calls and live demos where the product does most of the convincing, take inbound from PMs, marketers, agencies, and researchers, and go outbound to teams whose research budget is quietly leaking. You'll handle the objection we hear on every call — ""is this meant to replace real researchers?"" — honestly, because the honest answer (no, it's a discovery co-pilot) is also the one that closes. You'll own your conversations and tell us when the product, pricing, or pitch is slowing a deal down.




WHO YOU ARE

Based in the UK or Portugal, with experience selling research services — you've sold insights, fieldwork, or research tooling before, so you already know the buyer and the budget. You work fluently in English — our market, materials, and team all run in it. You can sell a technical product without faking depth you don't have, and you're comfortable saying ""I don't know, let me get you the real answer"" — then doing it.




DON'T APPLY IF

You need a 40-page playbook before you'll pick up the phone.
You think ""the product sells itself"" is a strategy.
You go quiet the moment a customer disagrees with you.
You'd be embarrassed to sell AI to a room of human researchers.




WHAT YOU GET

Remote-first, async-friendly, low-meeting. Competitive base plus uncapped commission — real numbers on the first call, not the fifth. Ownership of your pipeline, a short path from your idea to a shipped change, and a science team that publishes its own failure modes in public, so you're never defending a black box.




THE HONEST PART

Early-ish category, early-ish team. Some weeks demand is ahead of process. The product is excellent and visibly imperfect at once. If you want certainty, we're not it. If you want to help define how a category gets sold, you might be exactly it.




HOW TO APPLY

Skip the cover letter. Send a short note (Loom, voice memo, or three paragraphs) answering one question: a researcher on a demo says, ""This is going to put people like me out of a job."" What do you say next? No perfect answer — we're reading for how you think on your feet.

Send it to jolly@syntheticusers.com with the subject line ""Skeptic converted.""",,,,,,direct_outbound,100,"outbound, sales development","Build the targeting, lead sourcing, sequences, follow-ups, CRM updates, attribution, and reporting around the outbound role.",Synthetic Users is actively hiring a Sales Development Representative. The role indicates current investment in outbound or pipeline capacity.,opportunity_detected
pipeline_engine_hiring_intent,2026-06-22T15:07:07.370660+00:00,4371300864,https://www.linkedin.com/jobs/view/4371300864/,Granola,https://www.linkedin.com/company/meetgranola/,https://go.granola.so/MXkGRGS,go.granola.so,Sales Development Representative,"About Us

We’re Team Granola 👋, building tools that help humans think and work better.

What began as an AI notepad for back-to-back meetings has become a shared team workspace and second brain. Granola spreads organically inside companies, often starting with a senior leader and quickly cascading across teams.

Today, Granola is used at many of the world’s top and fastest-growing companies like Vercel, Cursor, Lovable, Decagon as well as leading technology companies like Salesforce and Doordash.

Designed and built in London, Granola now serves a predominantly US customer base. To support that growth, we’ve opened a San Francisco office as the hub for our North American go-to-market efforts.

About The Role

As a SDR at Granola, you’ll be on the front line of our go-to-market motion. You’ll engage highly engaged users, generate and qualify new opportunities, and help convert early love for the product into meaningful revenue conversations.

This is a high-impact role with real ownership: you’ll work across inbound and outbound motions, partner closely with AEs and product, and help shape how we scale our sales engine from the ground up.

What You’ll Do


Engage with high-intent inbound leads and product-qualified users, qualifying interest and converting engagement into sales opportunities.
Run targeted outbound outreach to priority accounts and personas, using a thoughtful, value-led approach.
Qualify prospects through discovery calls to understand needs, use cases, and buying readiness.
Close high velocity accounts and schedule and hand off high-quality opportunities to Account Executives, setting them up for successful closes.
Collaborate closely with AEs, product, and growth to share insights from the field and improve conversion.
Help build and refine our outbound messaging, qualification criteria, and SDR playbooks based on what works.
Play a hands-on role in shaping the SF office culture and the foundations of the sales team.


What We’re Looking For

Background & Experience


1–3+ years of experience as an SDR (or similar revenue-facing role), ideally in B2B SaaS.
Experience handling both inbound and outbound motions.
Strong qualification skills and comfort running discovery conversations.
Familiarity with high-velocity sales environments and modern sales tooling.
Exposure to structured sales training or methodologies is a plus.


Skills & Traits


Curious, coachable, and comfortable learning fast in an early-stage environment.
Clear, confident communicator who can engage senior stakeholders.
Highly organized and able to manage multiple conversations in parallel.
Motivated by impact and excited to help build—not just execute—the sales motion.


Personal Characteristics


A builder who gets energized creating something from scratch.
Excited to work in-person in the SF office.
Creative, initiative-driven, curious about customer behavior, and eager to own challenges without perfect information.
Values working with people who are kind, ambitious, and pragmatic.


Compensation

OTE $80K – $110K


 + equity and benefits!


Our compensation philosophy is to hire the best people in the market and pay them accordingly with salary, variable, and equity.",OTE $80K – $110K,80000.0,110000.0,USD,year,direct_outbound,100,"outbound, salesforce, sales development","Build the targeting, lead sourcing, sequences, follow-ups, CRM updates, attribution, and reporting around the outbound role.",Granola is actively hiring a Sales Development Representative. The role indicates current investment in outbound or pipeline capacity.,opportunity_detected
pipeline_engine_hiring_intent,2026-06-22T15:07:07.370660+00:00,4326546631,https://www.linkedin.com/jobs/view/4326546631/,Applied Systems,https://www.linkedin.com/company/applied-systems/,https://www1.appliedsystems.com/en-us,www1.appliedsystems.com,Associate Business Development Representative,"Job Description

Amazing Career Moments Happen Here

Transforming the insurance industry is ambitious, we know. That’s why at Applied, we’re building a team that shows up every day ready to learn, willing to try new things, and driven to deliver innovative software and services that make us indispensable to our customers – all within a culture built on values that make us indispensable to each other, too. With 40+ years of experience in the Insurtech game, we’re not just redefining what’s achievable, we’re creating a place where amazing career moments are made possible.

Position Overview

We are currently searching for a Business Development Associate, a core role on the Business Development Group (BDG) Team. As a Business Development Associate, you'll play a crucial role in managing inbound leads and nurturing them through the qualification process, helping to connect potential clients with the right technological solutions to transform their business. You'll be the first point of contact for many of our prospects, guiding them through the early stages of their journey with Applied Systems. This is an exciting opportunity to build your career, develop meaningful relationships, and be part of a dynamic, growth-focused team!

What You’ll Do


 Business Development Associate will enjoy a base + bonus compensation structure. 
 Become a black belt in the ways of Solution Sales® through comprehensive training. 
 Management team believes in being “in the game” with their teams, not “in their offices.” 
 Flexible hours/work from home options after one year of service 
 Social events: monthly and quarterly lunch & learns; onsite workout program (corporate HQ only); and renowned March Madness and Holiday Gift Auction contests with cash and non-cash spiff programs make for a crazy-fun environment! 
 Opportunities to advance – Applied takes career development seriously and looks to our own 
 Talent to develop and promote into internal roles throughout the organization. 


We’re Excited to Learn More About You


 At least 1 year of lead generation experience; will consider entry-level graduates with strong internship / related experience 
 Desire to advance career in Business Development and advance to an Inside Sales role. 
 Excellent interpersonal and communication skills, especially over the phone 
 High energy, self-motivated individual that can thrive in a fun, fast-paced environment. 
 Strong organizational skills with the ability to prioritize and manage multiple inbound leads simultaneously. 
 Previous sales or marketing experience desired 
 Experience with Salesforce is a plus. 
 Proficiency with Microsoft Word, Excel, Outlook, and PowerPoint 
 Bachelor’s degree in business, sales, or marketing; or equivalent work experience 
 Can work Hybrid from one of our Applied Systems offices: Chicago, Lincoln, and Dallas-Fort Worth 


You may have other skills or credentials, including:


 Experience using Salesforce 
 Excellent oral and persuasive written communications, listening and interpersonal skills. 
 Team player, self-driven and work under pressure 
 Handles objections professionally. 
 Strong follow up and persistence. 
 Tech-Savvy 
 Positive Attitude 
 Problem Solver 


We know that talent comes from all backgrounds and experience levels. We encourage military members and their spouses, as well as candidates without a degree or a background in tech to apply!

When You Join Team Applied, You Can Expect:

A culture that values who you are and recognizes that you aren’t just an employee; you are a teammate, and you matter. We thrive on the benefits of our different experiences and celebrate the uniqueness our teammates bring to work with them every day.

We flex our time together, collaborating remotely and in-person to empower our teams to work in the ways that work best for them.

A comprehensive benefits and compensation package that centers our teammates and helps them to bring their best to work every day:


 Medical, Dental, and Vision Coverage  
 Holiday and Vacation Time  
 Health & Wellness Days  
 A Bonus Day for Your Birthday  


Our targeted starting base salary in the United States for this position ranges from $45,000 - $50,000. To determine a new team member’s starting pay, we consider a variety of factors, including someone’s depth, breadth, and variety of experience, skills, and responsibilities. Depending on the role, team members may also be eligible to participate in additional compensation plans such as bonus and commission.

Learn more about the people behind our products at https://www1.appliedsystems.com/en-us/about-us/jobs/

Your Security Matters:

Our candidates’ personal information and online safety are top of mind for us. At Applied, we proactively protect your personal information and only communicate with candidates via a secure @appliedsystems.com email or through our official careers portal. Recruiters will never request payments, ask for financial account information or sensitive information like social security numbers.

EEO Statement

Applied Systems is proud to be an Equal Employment Opportunity Employer. Diversity and Inclusion is a business imperative and is a part of building our brand and reputation. At Applied, we don’t discriminate, and we are committed to recruit, develop, retain, and promote regardless of race, religion, color, national origin, sexual orientation, gender identity, disability, age, veteran status, and other protected status as required by applicable law.","Our targeted starting base salary in the United States for this position ranges from $45,000 - $50,000. To determine a new team member’s starting pay, we consider a variety of factors, including someone’s depth, breadth, and variety of experience, skills, and responsibilities. Depending on the role, team members may also be eligible to participate in additional compensation plans such as bonus and commission.",45000.0,50000.0,USD,year,direct_outbound,100,"lead generation, salesforce","Build the targeting, lead sourcing, sequences, follow-ups, CRM updates, attribution, and reporting around the outbound role.",Applied Systems is actively hiring an Associate Business Development Representative. The role indicates current investment in outbound or pipeline capacity.,opportunity_detected
pipeline_engine_hiring_intent,2026-06-22T15:07:07.370660+00:00,4416576698,https://www.linkedin.com/jobs/view/4416576698/,Actuate,https://www.linkedin.com/company/actuate-iot/,http://www.actuateiot.com/,actuateiot.com,Business Development Representative,"COMPANY DESCRIPTION




About Actuate

Actuate is a Denver-based IoT startup on a mission to make it easier to operate portfolios of small-to-midsize commercial buildings by connecting teams to data and automating equipment operations. We focus on the 80% of commercial buildings under 100,000 square feet that don’t have an on-site facilities manager or a building management system. The legacy automation industry has overlooked them. We didn’t. Our clients run restaurants, c-stores, retail, auto, and banking portfolios with lean teams who are responsible for tens, hundreds, or even thousands of facilities.




We built Act Hub for them, and it’s working. Paying clients, real revenue, and a market that’s only now waking up to what predictive operations can do. The next few years are about scale, and we are looking for people who want to help build it.




The team is small and intentional about how we work. Our culture is built on six pillars:




Smart. We hire people who think for themselves and bring expertise we don’t already have.
Collaborative. We work as one team across roles and disciplines.
Accountable. We own our work and the outcomes that come with it.
Balanced. We work hard without burning out, and we trust each other to manage how the work gets done.
Everyone contributes. There are no spectators here. Voice matters at every level.
Passionate about data. High-frequency data tells the real story of how a building operates, and we are obsessed with turning that story into outcomes for our clients.




Our work matters beyond what shows up on a P&L. The people who run these facilities work long hours in stressful environments, serving the public. Act Hub was built to end the chaos of reactive operations and give those teams back the nights, weekends, and family time that equipment emergencies steal. It also cuts energy use and carbon emissions, supporting our mission to leave the world a little better than we found it.

We don’t follow trends. We challenge how things have always been done, and we build technology that makes operators’ lives easier. If you are inspired by the energy of an early-revenue startup that’s ready to scale, this is the place.




About Act Hub

Act Hub is Actuate’s facility intelligence platform, built for multi-location operators running small and large portfolios alike, with lean teams and no on-site facilities staff. We just launched Act Hub 2.0, and clients are seeing it for the first time and telling us it is easy, intuitive, and understandable, and that is the point. It's not made for engineers, it's made for the everyday people that power these operations. The management-by-exception, portfolio-native platform surfaces what needs attention across a portfolio and explains why it matters, so operations and facilities teams act with confidence instead of sifting through noise.




Clients are seeing 10 to 30 percent lower energy costs, 40 to 60 percent fewer emergency dispatches, and seasons that used to be chaotic are now running quietly in the background. Act Hub turns reactive operations into predictive control, and that is what makes this such an exciting product to sell.







JOB DESCRIPTION




We are seeking a Business Development Representative (BDR) to play a pivotal role in the future of Actuate’s go-to-market strategy. The BDR is the tip of the spear for our sales team and works in direct partnership with our seasoned Account Executives, supplying the research, outreach, and meetings that turn a target account list into a real pipeline. Approximately 80% of a BDR’s activity is outbound to named accounts, and 20% is qualifying inbound leads from marketing and content.




Actuate runs an account-based motion. We are not throwing bodies at a list. We pick the accounts we want to win in our priority verticals (restaurants, c-stores, retail, auto, and banks), and we build a plan for each one. The BDR is the person who makes those plans real. You will research the right contacts, craft personalized outreach across channels, multi-thread into target accounts, and set the meetings that put our AEs in front of the decision-makers we need to be talking to.




This role works shoulder-to-shoulder with leadership, our AEs, and our Client Success team. You will have a direct hand in shaping how Actuate sells as we scale, and a clear, well defined path into an Account Executive role for the BDR who wants to grow.




Key Responsibilities

Partner with senior Account Executives on named target accounts, building account plans and multi-threading into the right buying committee for each opportunity
Research target accounts and identify decision-makers across operations, facilities, energy, maintenance, and finance within our priority verticals
Execute multi-channel outbound cadences (calls, email, LinkedIn, video) personalized to each account and ICP
Qualify inbound leads from marketing campaigns, events, and content programs, then route them with full context to the right Account Executive
Book qualified discovery meetings between prospects and AEs, and own a clean handoff with full context
Collaborate with leadership and marketing on messaging, sequences, and play design, and bring back what is working and what is not from the field
Maintain clean, organized records of every account, contact, and touchpoint in HubSpot, with the discipline our AEs and leadership rely on for forecasting, account planning, and opportunity progression
Track and report key activity and outcome metrics including account penetration, meetings booked, opportunities created, and pipeline contribution
Stay current on our verticals, our solutions, and our ICPs, so every conversation lands
Represent Actuate professionally in every external interaction







QUALIFICATIONS




Required Qualifications

2+ years of experience in business development, sales development, or related outbound roles, ideally in B2B SaaS, energy, IoT, or technology
Demonstrated success running outbound into named accounts (not just spraying a list) with a track record of booking quality meetings
Comfort using AI-assisted tools for research, personalization, and outreach, and curiosity about how to get more out of them
Strong communication skills with the ability to engage senior decision-makers confidently by phone, email, and on social channels
Hands-on experience with HubSpot (or a comparable CRM) and prospecting tools such as TitanX, Apollo, and LinkedIn Sales Navigator
Sharp organizational skills and attention to detail managing many accounts and cadences at once
Self-motivated, persistent, and coachable, with a real desire to learn the craft of selling
Passion for technology and energy efficiency, and the impact our platform has on how buildings are run
Comfortable in a fast-paced, collaborative startup environment where roles flex and ownership is expected




Preferred Qualifications

Bachelor’s degree in Business, Marketing, or a related field (or equivalent experience)
Experience selling into multi-location operators in our priority verticals (restaurants/QSR, c-stores, retail, auto, banks), or in cleantech, building systems, or energy management
Familiarity with account-based selling motions, including account scoring, intent signals, and multi-threading buying committees
Experience with consultative or solution-based selling
Interest in growing into an Account Executive role at Actuate







ADDITIONAL INFORMATION




Compensation and Benefits:

Full-time, salaried position with a competitive base, commissions, and bonus structure ($120k projected OTE)
Comprehensive benefits package including medical, dental, vision, and 401K
Discretionary PTO policy
Hybrid schedule, three days per week in our Denver office
A clear path into an Account Executive role for BDRs who earn it
A front-row seat at a startup that is scaling




Actuate provides equal employment opportunities (EEO) to all employees and applicants for employment without regard to race, color, religion, sex, national origin, citizenship status, age, disability, or any other category protected under applicable law. This policy applies to all terms and conditions of employment, including, but not limited to, hiring, placement, promotion, termination, layoff, recall, transfer, leaves of absence, compensation, and training.




This job posting is being managed by FractionalRecruiter on behalf of Actuate.","Full-time, salaried position with a competitive base, commissions, and bonus structure ($120k projected OTE)",120000.0,120000.0,USD,year,direct_outbound,100,"outbound, prospecting, crm, hubspot, sales development","Build the targeting, lead sourcing, sequences, follow-ups, CRM updates, attribution, and reporting around the outbound role.",Actuate is actively hiring a Business Development Representative. The role indicates current investment in outbound or pipeline capacity.,opportunity_detected
pipeline_engine_hiring_intent,2026-06-22T15:07:07.370660+00:00,4430374863,https://www.linkedin.com/jobs/view/4430374863/,Berkeley Industrial Engineering & Operations Research,https://www.linkedin.com/company/berkeley-ieor/,https://ieor.berkeley.edu/,ieor.berkeley.edu,Entry Level Business Development Representative at Strategic Marketing,"Are you ready to take your first step toward a rewarding career in business development and sales? Do you thrive working with people, building meaningful connections, and delivering results? If you’re passionate about business, have an entrepreneurial mindset, and are eager to grow, we want you to join our dynamic team as an Entry Level Business Development Representative!

At our company, we specialize in helping our clients expand their customer base by engaging directly with customers. Whether it’s customer acquisition, closing sales, upselling products, or educating customers about our clients’ services, our team is at the forefront of customer service and developing business daily. We are looking for motivated individuals who want to develop their business portfolio, hone their sales skills, and thrive in a collaborative, fast-paced environment.

As an Entry Level Business Development Representative, You Will Be:


Interacting with customers to understand their needs, present tailored solutions, and close sales
Fostering trust and long-term connections with customers, ensuring a positive experience that drives loyalty and new business 
Acting as the forefront of our clients’ brands, delivering exceptional service and accurate information about their products and services
Meeting and exceeding individual and Business Development Representative team sales metrics through strategic customer engagement and upselling techniques
Working closely with other team members to share insights, refine strategies, and drive collective success.


Entry Level Business Development Representative Requirements


Previous experience in sales, customer service, or hospitality is a plus but not required.
Availability to work full-time in person 
A passion for personal and professional development.
Driven and excited about working with customers 
Excel in connecting with a variety of customers
Eager to contribute to a collaborative and supportive team 
Thrive in dynamic settings and embrace challenges as opportunities",,,,,,direct_outbound,100,,"Build the targeting, lead sourcing, sequences, follow-ups, CRM updates, attribution, and reporting around the outbound role.",Berkeley Industrial Engineering & Operations Research is actively hiring an Entry Level Business Development Representative at Strategic Marketing. The role indicates current investment in outbound or pipeline capacity.,opportunity_detected
pipeline_engine_hiring_intent,2026-06-22T15:07:07.370660+00:00,4342867885,https://www.linkedin.com/jobs/view/4342867885/,Snowflake,https://www.linkedin.com/company/snowflake-computing/,http://www.snowflake.com/,snowflake.com,Sales Development Representative,"At Snowflake, we are powering the era of the agentic enterprise. To usher in this new era, we seek AI-native thinkers across every function who are energized by the opportunity to reinvent how they work. You don’t just use tools; you possess an innate curiosity, treating AI as a high-trust collaborator that is core to how you solve problems and accelerate your impact. We look for low-ego individuals who thrive in dynamic and fast-moving environments and move with an experimental mindset — who rapidly test emerging capabilities to discover simpler, more powerful ways to deliver results. At Snowflake, your role isn't just to execute a function, but to help redefine the future of how work gets done.

Support our team culture by working in the office 4 days a week (Monday - Thursday). This means you’ll have to live within commuting distance of the office you’ll be working in.

Snowflake is seeking motivated people with a passion for technology and the drive to build an incredible career in SaaS sales. The Sales Development team plays a critical role in the growth of our organization. Our team works in collaboration with sales and marketing nurturing leads and setting qualified discovery calls that ultimately lead to new business and new revenue.

IN THIS ROLE YOU GET TO:


Build revenue pipeline by setting introductory meetings with target influencers and key decision makers
Research and build new and existing accounts through rigorous outbound calling efforts and by creating/executing strategic email and social campaigns
Perform analysis of inbound and outbound prospects’ business and engage with these prospects by phone and/or email
Apply effective communication skills, collaborating directly with customers, sales and cross functional teams 
Work in a fast-pace environment, take the initiative to get stuff done, try new things and amplify your successes by sharing your findings with your team



ON DAY ONE WE WILL EXPECT YOU TO HAVE: 


A passion for technology and software sales, 1-2 years of customer facing experience is preferred 
Ability to develop strong, long-lasting relationships (both internal and external),
A sense of urgency and ability to manage time and prioritize tasks
The ability to thrive in a company environment of rapid change; reacting to management initiatives; taking the ""customer view""; adopting customer corporate ‘perspective’; accepting change to business/personal situations
Resourcefulness and results driven operating style
Collaborative and coachable mindset - you should be excited about continuously improving your skills and impact 



AND MOST IMPORTANTLY THE ABILITY TO REPRESENT SNOWFLAKE AND THE VALUES WE STAND FOR:


Fire in the Belly: The hustle to put in time and energy and to have resilience 
Win as a Team: Can collaborate in a team environment
Get it Done: The ability to meet and exceed metrics and sales quotas 
Own It: The ability to build our product and company like it’s your own, specifically defining and executing sales plans to meet strategic & financial targets, leveraging industry, partner & Go-to-Market knowledge
Integrity, Always: This ability to provide open, honest and respectful feedback creating an inclusive work environment 
Think Big: Ambition to meet our big goals. Create a strategy to focus on what matters while making a positive impact and lasting difference 
Be Excellent: Lead by example, doing your best work every day
A Desire to Make Each Other Better: Resulting in long standing relationships with internal cross functional partners and the ability to create an inclusive work environment
Embrace Each Other’s Differences: A passion for developing a diverse and inclusive environment of sales professionals from all backgrounds 



Every Snowflake employee is expected to follow the company’s confidentiality and security standards for handling sensitive data. Snowflake employees must abide by the company’s data security plan as an essential part of their duties. It is every employee's duty to keep customer information secure and confidential.

Snowflake is growing fast, and we’re scaling our team to help enable and accelerate our growth. We are looking for people who share our values, challenge ordinary thinking, and push the pace of innovation while building a future for themselves and Snowflake.

How do you want to make your impact?

For jobs located in the United States, please visit the job posting on the Snowflake Careers Site for salary and benefits information: careers.snowflake.com

The following represents the expected range of compensation for this role:


This role is eligible to participate in Snowflake's commission plan and it is common for employees in this role to receive total on-target earnings of $68,000 - $89,250. The estimated base salary for this role is $47,600 - $62,475.



The successful candidate’s starting salary will be determined based on permissible, non-discriminatory factors such as skills, experience, and geographic location. This role is also eligible for a competitive benefits package that includes: medical, dental, vision, life, and disability insurance; 401(k) retirement plan; flexible spending & health savings account; at least 12 paid holidays; paid time off; parental leave; employee assistance program; and other company benefits.

Our Human Resources Department may use artificial intelligence to support its administrative processes.

This role is available and may represent a new position

To comply with pay transparency requirements and other statutes, you can notify us if you believe that a job posting is not compliant by completing this form.","This role is eligible to participate in Snowflake's commission plan and it is common for employees in this role to receive total on-target earnings of $68,000 - $89,250. The estimated base salary for this role is $47,600 - $62,475.",47600.0,89250.0,USD,year,direct_outbound,100,"outbound, sales development","Build the targeting, lead sourcing, sequences, follow-ups, CRM updates, attribution, and reporting around the outbound role.",Snowflake is actively hiring a Sales Development Representative. The role indicates current investment in outbound or pipeline capacity.,opportunity_detected
pipeline_engine_hiring_intent,2026-06-22T15:07:07.370660+00:00,4428916973,https://www.linkedin.com/jobs/view/4428916973/,Lio (formerly askLio),https://www.linkedin.com/company/lio-ai/,http://lio.ai/,lio.ai,Sales Development Representative (all genders),"You’re not just scheduling calls; you’re sparking conversations that open doors for enterprises to explore how AI Agents can revolutionize their procurement processes.

What You'll Do

In this role, you will:


Generate and qualify leads through creative outbound and inbound strategies, fueling the growth engine 
Engage early-stage prospects, educate them on AI-driven operations, and create excitement about the possibilities 
Collaborate closely with Marketing and Account Executives to refine messaging, handoffs, and outreach strategies 
Capture and share customer feedback with the Product team, helping shape features and improvements based on real insights 
Own your pipeline from lead generation to handoff, ensuring a smooth transition and maximum impact


Your Profile

You’re a good fit for this role if you:


Have 1–3 years of experience in sales development, business development, or SDR roles, ideally in SaaS or enterprise software 
Are highly organized, proactive, and obsessed with driving results 
Communicate clearly and persuasively, building trust with stakeholders at all levels
Thrive in a fast-paced, high-growth environment and adapt quickly to AI-driven change


Why Join Us?

At Lio, you’ll help define the next wave of AI innovation in enterprise operations. You’ll shape how companies engage with AI from the very first conversation, influence product direction through customer feedback, and work with a team that values speed, impact, and collaboration. Move fast, own your role, and make every interaction count, all while shaping the culture of a category-defining AI company. Are you in?

Have questions about the role? Feel free to reach out to Anika!",,,,,,direct_outbound,100,"outbound, lead generation, sales development","Build the targeting, lead sourcing, sequences, follow-ups, CRM updates, attribution, and reporting around the outbound role.",Lio (formerly askLio) is actively hiring a Sales Development Representative (all genders). The role indicates current investment in outbound or pipeline capacity.,opportunity_detected
pipeline_engine_hiring_intent,2026-06-22T15:07:07.370660+00:00,4428903245,https://www.linkedin.com/jobs/view/4428903245/,"HRCap, Inc.",https://www.linkedin.com/company/hrcap-inc-/,http://www.hrcap.com/,hrcap.com,Junior Business Development Representative,"About the job

Our client is a rapidly scaling, international cross-border logistics technology and B2B SaaS platform provider (100–250 employees) that seamlessly connects North American supply chains and enterprise retailers with manufacturing hubs across East Asia.

We are seeking a highly motivated, culturally agile Junior Business Development Representative (BDR) to join their growing remote commercial sales division in the United States. In this entry-level pipeline role, you will lead outbound lead generation, qualify enterprise prospects, and drive international account discovery.




Why Join Us

100% Remote Flexibility: Experience true work-life integration with an enterprise structured entirely around asynchronous digital collaboration across the USA.
B2B Sales Training Academy: Master tech-sector enterprise sales methodologies (Sandler/Challenger) under the direct guidance of global account directors.
Modern Sales Infrastructure: Build master-level operational proficiency using premier prospecting suites (Salesforce, Outreach.io, ZoomInfo, and LinkedIn Sales Navigator).
Comprehensive Visa Sponsorship: Work with a global organization committed to international talent retention. We fully accept OPT/STEM OPT candidates and actively sponsor H-1B visas based on performance.




Responsibilities

Outbound Pipeline Sourcing: Identify, map, and target enterprise accounts, manufacturing partners, and cross-border supply chain operations in the United States and APAC markets.
Multi-Channel Cold Outreach: Initiate hyper-personalized outbound email sequences, LinkedIn messaging campaigns, and cold-calling initiatives to engage decision-makers (Logistics Directors, Procurement Managers, and VPs of Supply Chain).
Meeting Generation: Secure high-quality corporate sales appointments and platform software demonstrations for the senior Account Executive team.
CRM Data Hygiene: Maintain meticulous interaction histories, corporate metrics, and prospective client notes within Salesforce.




Qualifications

Required

Language Mastery: Absolute professional fluency in both English and Korean (written and verbal) is an essential framework requirement to manage cross-border corporate inquiries, translate technical platform value, and pitch bilingual client networks.
Education: Bachelor’s degree in Business Administration, International Trade, Marketing, Communications, or a related quantitative field.
Experience: 0 to 2 years of professional corporate sales internship, retail sales, or outbound lead generation experience. Recent graduates with highly competitive, self-motivated mindsets are strongly encouraged to apply.
Communication Polish: Exceptional verbal articulation, active listening skills, and the confidence to hold strategic conversations with executive-level corporate stakeholders.




Preferred

Foundational familiarity with CRM ecosystems (Salesforce or HubSpot) and outbound prospecting toolsets.
Basic conceptual understanding of global supply chain dynamics, logistics networks, or e-commerce fulfillment frameworks.




Job Location & Details

Location: 100% Remote (Must be physically located within the United States)
Employment Type: Full-Time, Permanent
Salary Range: $60,000 – $75,000 USD / year","$60K/yr - $75K/yr | Salary Range: $60,000 – $75,000 USD / year",60000.0,75000.0,USD,year,direct_outbound,100,"outbound, prospecting, lead generation, crm, hubspot, salesforce","Build the targeting, lead sourcing, sequences, follow-ups, CRM updates, attribution, and reporting around the outbound role.","HRCap, Inc. is actively hiring a Junior Business Development Representative. The role indicates current investment in outbound or pipeline capacity.",opportunity_detected
pipeline_engine_hiring_intent,2026-06-22T15:07:07.370660+00:00,4431720364,https://www.linkedin.com/jobs/view/4431720364/,RevPilots,https://www.linkedin.com/company/revpilots/,https://www.revpilots.com/,revpilots.com,Sales Development Representative,"Founding SDR (with path to AE - closing SMBs in first 30-60)

Our Client | New York, NY (Preferred)







Compensation & Role Detail

sBase: $70,000 – $80,00
0OTE: $110,000 – $130,00
0Meaningful equity given the founding nature of this rol
eRamp to AE in ~3 months with a grandfathered, higher commission structure as a founding-rep perk.




k

About Our Client

Our client is an AI-native ATS and CRM built specifically for executive search firms, backed by Y Combinator. They are changing how recruiting firms leverage their data and institutional knowledge, growing fast on word of mouth alone, and are now ready to build out their go-to-market engine from the ground up.







Who We’re Looking For




Ideal Profil




An SDR with ~2 years of SaaS experience who is hungry to be officially promoted to AE within a few months. We’re also open to early AE candidates willing to build pipeline themselves rather than waiting for leads to be handed to them.




Strong Preference

For:Former recruiter or someone who has sold into the recruiting/HR
spaceBuilt outbound from scratch — not just worked inbound or answered warm
leadsComfortable with ambiguity, no existing playbook, and the energy of a founding-stage company.







Who You Are

Scrappy and resourceful. You don’t wait to be told what to do — you figure out the best way to get in front of the right people.
Obsessed with targeting. You’d rather send 50 well-researched emails than 500 generic ones.
Comfortable using tools like Clay, LinkedIn Sales Navigator, and AI to build targeted prospect lists and identify decision makers.
Familiar with the executive search industry — or genuinely curious to learn it fast. You know the difference between a Managing Partner and a Research Associate and why it matters for outreach.
Organized and process-driven. You document what works, iterate on what doesn’t, and build repeatable play books.
Not afraid to pick up the phone, show up at a conference, or find creative ways to get attention.







What You’ll Actually Be Doin

Building and refining target account lists — identifying the right executive search firms and the decision makers within them.
Using tools like Clay, LinkedIn, and AI to research prospects and personalize outreach.
Running cold outbound campaigns (email, LinkedIn, phone) to book meetings for our founders.
Helping build out the GTM stack and processes. The company uses its own product as the core CRM, and you’ll help make it even better by using it daily.
Representing the company at industry conferences, events, and anywhere the ICP gathers.
Finding creative channels to get in front of search firm leaders beyond just cold email.
Tracking everything, measuring what works, and constantly improving the outbound playbook.




Bonus Points If You...

Have worked in recruiting, staffing, or HR tech.
Have 1–2 years of BDR/SDR experience at a B2B SaaS company.
Have used Clay, Apollo, or similar prospecting tools.
Have experience with conference or event-based selling.
Have worked at or founded an early-stage startup.







Why Work With Us

Founding sales role — wear many hats, have real ownership, and build the GTM engine from scratch rather than inheriting someone else’s playbook.
The company is growing fast on word of mouth alone and has a real waitlist for demos.
AI-native ATS for executive search firms. You’d work with the leading search firms in the country and see firsthand how they’re using AI day to day.
A team that likes to be first at building things in the space before they’re obvious.
Clear path to AE — and a grandfathered commission structure for someone who performs.
YC-backed and cash flow positive.
Work directly with the founders and have a real seat at the table on strategy




Location
NYC area preferred. Open for the right candidate, as long as they can travel to New York for the first few weeks of onboarding to work in person with the founders.","$70K/yr - $80K/yr + Commission | sBase: $70,000 – $80,00 | 0OTE: $110,000 – $130,00",70000.0,80000.0,USD,year,direct_outbound,100,"cold email, outbound, prospecting, book meetings, crm, sales development","Build the targeting, lead sourcing, sequences, follow-ups, CRM updates, attribution, and reporting around the outbound role.",RevPilots is actively hiring a Sales Development Representative. The role indicates current investment in outbound or pipeline capacity.,opportunity_detected
pipeline_engine_hiring_intent,2026-06-22T15:07:07.370660+00:00,4431180833,https://www.linkedin.com/jobs/view/4431180833/,Ultimate Technologies Group,https://www.linkedin.com/company/ultimatetechgroup/,https://www.ultimatetechnologiesgroup.com/,ultimatetechnologiesgroup.com,Senior Sales Development Representative,"The Company

Ultimate Technologies Group (UTG) has been ranked by its people as a Best Place to Work for each year it has been in business. This year marks the 8th consecutive year we've earned this recognition, while 2025 marked the first time UTG made it to the top of the list as the #1 Best Place to Work in Indiana for Small & Medium sized companies. Headquartered in Fishers, IN (just north of Indianapolis), UTG is a service-focused commercial audio-visual and information technology services company that provides global virtual communication and collaboration solutions. UTG designs, installs and services its clients wherever they are in the world. We are a super-fast-growth company that hires the best talent - a mix of high technical and interpersonal skills. Our team members receive stock ownership, above-market pay, comprehensive benefits including medical, dental, 401K with match, and the opportunity for extensive personal and professional growth. Visit us at https://www.linkedin.com/company/ultimatetechgroup/

The Role

We are seeking a driven, high-energy Sales Development Representative to fuel our sales pipeline. In this role, you will be the engine of our outbound lead generation efforts, balancing high-volume outreach with strategic, account-based prospecting. You will act as the tip of the spear for our revenue team—identifying high-value targets, running initial outreach, mapping complex organizational structures, and converting prospects into qualified meetings for our Account Executives.

Key Responsibilities


High-Volume Lead Generation: Execute consistent daily activity metrics, including a high volume of outbound calls, structured email sequences, and social media touchpoints. 
Inbound Lead Management: Rapidly respond to and qualify incoming marketing leads (MQLs), trial sign-ups, and website inquiries within established Service Level Agreements (SLAs). 
List Building & Prospecting: Research and identify potential targets using tools like LinkedIn Sales Navigator, ZoomInfo, or Apollo, building out clean, accurate contact lists within our target industries. 
Data Integrity & CRM Hygiene: Maintain flawless records of all activities, call notes, and prospect interactions in the CRM (e.g., HubSpot) to ensure accurate pipeline reporting. 
Objection Handling: Confidently navigate initial gatekeepers, handle common objections on the fly, and pivot conversations to secure a discovery call. 
Strategic Account Mapping: Look beyond single contacts to map out complex enterprise or mid-market organizations, identifying multiple stakeholders, key decision-makers, and internal champions. 
Deep Discovery & Qualification: Conduct consultative, high-level discovery conversations to uncover deep prospect pain points, current tech stack limitations, and business objectives. 
Hyper-Personalized Outreach: Move beyond standard templates to craft highly tailored, multi-channel campaigns based on specific trigger events (e.g., executive hires, company growth, technology transitions). 
Pipeline Alignment: Partner closely with assigned Account Executives to develop target account strategies, align messaging, and ensure seamless handoffs of qualified opportunities. 
Peer Mentorship: Share successful email templates, call tracks, and objection-handling strategies with the broader team, helping to onboard or mentor entry-level peers. 


Required Qualifications & Experience


Experience: 1 to 4 years of B2B sales development, customer-facing, or lead generation experience - experience in technology, large dollar sales. 
Execution Focus: A demonstrated ability to thrive in a metrics-driven environment, with a track record of meeting or exceeding activity KPIs and meeting quotas. 
Tech Savvy: Familiarity with modern sales tools—specifically CRMs (e.g., HubSpot, Salesforce) and prospecting tools. 
Communication Skills: Exceptional verbal and written communication skills; ability to sound credible, consultative, and professional over the phone and via email. 
Coachability and resiliency: A strong desire to learn, adapt quickly to feedback, and continuously refine your sales methodology.",,,,,,direct_outbound,100,"outbound, prospecting, lead generation, sales pipeline, crm, hubspot, salesforce, sales development","Build the targeting, lead sourcing, sequences, follow-ups, CRM updates, attribution, and reporting around the outbound role.",Ultimate Technologies Group is actively hiring a Senior Sales Development Representative. The role indicates current investment in outbound or pipeline capacity.,opportunity_detected
pipeline_engine_hiring_intent,2026-06-22T15:07:07.370660+00:00,4431714063,https://www.linkedin.com/jobs/view/4431714063/,MedVision,https://www.linkedin.com/company/medvisiongroup/,http://www.medvisionsim.com/,medvisionsim.com,Sales Development Representative,"MedVision

Sales Development Representative

Tampa, FL · 1 hour ago · 9 applicants

Promoted by hirer · No response insights available yet

On-site
Full-time
Easy Apply
Save
Use AI to assess how you fit

Get AI-powered advice on this job and more exclusive features with Premium. Reactivate Premium

Show match details

Tailor my resume

Help me stand out

See how you compare to 9 applicants

Access exclusive applicant insights, see jobs where you have the highest chance of hearing back, and more.

Reactivate Premium",,,,,,direct_outbound,100,sales development,"Build the targeting, lead sourcing, sequences, follow-ups, CRM updates, attribution, and reporting around the outbound role.",MedVision is actively hiring a Sales Development Representative. The role indicates current investment in outbound or pipeline capacity.,opportunity_detected
pipeline_engine_hiring_intent,2026-06-22T15:07:07.370660+00:00,4430552461,https://www.linkedin.com/jobs/view/4430552461/,DPA Auctions,https://www.linkedin.com/company/dpaauctions/,https://www.dpaauctions.com/sell/,dpaauctions.com,Business Development Representative,"DPA Auctions is a fast-growing, industry-leading online auction platform, with millions of site visits each month. Backed by over 50 years of expertise, we blend a rich legacy with innovative practices to help equipment buyers and sellers get the best deals. Our mission is simple: deliver a seamless online auction experience with a team that treats you like family. If you’re ambitious and want to grow with a company that’s transforming how equipment is bought and sold, DPA Auctions is the place for you. 




Role Overview – Business Development Representative (BDR): 

As a BDR, you will be the engine of our sales pipeline, driving new business and fueling our growth. You’ll identify and engage “good fit” clients through high-impact outbound outreach, making calls and sparking interest in our auction services. This isn’t cold-calling – it’s about making connections and setting the stage for big deals. You will work closely with an experienced Auction Specialist, ensuring a smooth hand-off of qualified leads and directly contributing to DPA’s revenue growth. Your impact will be felt daily: when you succeed, the whole team succeeds. 




Key Responsibilities: 

Prospect & Outreach: Proactively research and contact potential business clients via phone and email. Introduce DPA’s services and build rapport while qualifying their needs. 
Lead Qualification: Build a pipeline of high-quality leads by vetting inbound inquiries and generating new leads through creative prospecting. 
Appointment Setting: Schedule discovery calls and meetings between qualified prospects and our Auction Specialists. Your goal is to create opportunities for the sales team to close deals. 
Pipeline Nurturing: Follow up diligently on leads. Provide additional information and nurture relationships until prospects are ready to move forward. You ensure no opportunity slips through the cracks. 
CRM Management: Keep meticulous records in our CRM (calls, emails, lead status, next steps). You take ownership of your funnel and use data to optimize your approach. 
Collaboration: Work hand-in-hand with your Auction Specialist to strategize outreach and ensure a seamless transition from initial contact to closing. You’re a true team player focused on shared success. 
Target Crushing: Meet or exceed your weekly and monthly targets for calls made, appointments set, and qualified deals passed. We celebrate wins – and reward over-achievers! 




What We’re Looking For (Qualifications): 

Sales Drive: 2+ years in a sales or business development role (B2B preferred), with proven resilience and motivation to make high-volume outreach. You love the thrill of finding that next big client! 
Communication Skills: Exceptional phone and interpersonal skills – you can turn a cold call warm through genuine conversation. Clear, concise writing for effective email follow-ups. 
Tenacity & Positivity: Able to handle rejection with grace and bounce back quickly. You see “no” as “not yet” and maintain a positive attitude. 
Self-Starter: Goal-oriented and organized. You manage your own time, prioritize tasks, and thrive with autonomy in a fast-paced environment. 
Tech-Savvy: Comfortable using CRM systems to log activities and manage leads. Quick to learn new sales tools and stay aware of AI options to improve efficiency. 
Team Player: Cooperative and “respectfully blunt” communicator (one of our core values). You welcome feedback and work well with others to achieve team goals. 




Growth & Rewards at DPA: 

Joining DPA Auctions as a BDR isn’t just a job – it’s a career launchpad. We invest in our people and love to promote from within. Success in this role can springboard you as you demonstrate your skills. You’ll be mentored by senior sales leaders and gain invaluable industry knowledge. 

We offer a competitive hourly base pay ($19–$21.50/hr) plus performance-based bonuses and commissions for each lead that turns into a sale. In fact, top performers can earn weekly bonuses in addition to their regular commissions. Your hustle directly impacts your paycheck – we reward results, not just time on the clock. 




On top of that, DPA provides a comprehensive benefits package: medical, dental, and vision insurance, a 401(k) with match, paid time off (including volunteer PTO), and even fun perks like free snacks, DPA swag, and regular team outings. Our culture is tight-knit, fun, and supportive – picture a workplace where you can be yourself (casual dress!) and enjoy coming to work. We have an on-site lounge for blowing off steam (how about a game of shuffleboard at lunch?) and we often celebrate successes together. 

Ready to grow with us? If you’re excited by the thought of playing a high-impact role on a growing team and you’re hungry to prove yourself, we want to meet you. Join DPA Auctions and help drive our next 50 years of success! 




Apply today by submitting your resume and a brief note on why you’re a great fit. Let’s make auction industry history together. 🚀","We offer a competitive hourly base pay ($19–$21.50/hr) plus performance-based bonuses and commissions for each lead that turns into a sale. In fact, top performers can earn weekly bonuses in addition to their regular commissions. Your hustle directly impacts your paycheck – we reward results, not just time on the clock.",19.0,21.5,USD,hour,direct_outbound,100,"outbound, prospecting, appointment setting, sales pipeline, crm, qualified leads","Build the targeting, lead sourcing, sequences, follow-ups, CRM updates, attribution, and reporting around the outbound role.",DPA Auctions is actively hiring a Business Development Representative. The role indicates current investment in outbound or pipeline capacity.,opportunity_detected
pipeline_engine_hiring_intent,2026-06-22T15:07:07.370660+00:00,4431721213,https://www.linkedin.com/jobs/view/4431721213/,"Solutionreach, Inc.",https://www.linkedin.com/company/solutionreach/,https://www.solutionreach.com/,solutionreach.com,Enterprise Sales Development Representative,"Description

This role is for high-output, strategic, and coachable individuals who want to build a career in enterprise SaaS sales and are excited by the challenge of breaking into larger, more complex accounts.

If you are motivated by strategic outreach, thoughtful account planning, and winning enterprise business, and you take ownership of your results, you’ll thrive here at Solutionreach.

This role is hybrid if 50 miles or less from Lehi, UT in the office Monday, Tuesday, and Thursday. This role is remote for those living 50 or more out of Lehi, UT.

Requirements

You will be responsible for creating enterprise pipeline for Account Executives by engaging larger healthcare organizations, mapping buying committees, and driving qualified opportunities.


Own outbound enterprise pipeline generation across phone, email, LinkedIn, and sequencing platforms
Research target accounts and identify priority business units, decision-makers, and influencers
Execute thoughtful, personalized outreach into named accounts with a multi-threaded prospecting strategy
Qualify inbound and outbound opportunities against defined enterprise criteria
Book meetings that convert to qualified enterprise pipeline and revenue
Partner closely with Account Executives on account plans, opportunity strategy, and conversion improvement
Maintain accurate activity, contact coverage, and pipeline data in CRM
Continuously refine messaging, objection handling, and outreach strategy for complex buying environments


What Success Looks Like (KPIs)

Top performers in this role consistently:


Hit or exceed monthly meeting and pipeline creation targets
Build strong account coverage and engage multiple stakeholders within target accounts
Generate qualified enterprise pipeline that progresses
Maintain strong activity quality, conversion rates, and CRM hygiene
Demonstrate rapid improvement through coaching, testing, and iteration


What You Bring


Strong written and verbal communication skills with the ability to tailor messaging to different stakeholders
Comfort prospecting into larger, more complex organizations
Ability to research accounts, uncover priorities, and connect outreach to business value
Resilience, persistence, and a high level of personal accountability
Coachability and willingness to implement feedback quickly
Strong organization, follow-up discipline, and attention to detail


Preferred


Prior SDR, BDR, or sales experience in SaaS or a complex B2B environment
Experience with CRM and sales engagement tools (Salesforce, Sales loft, Outreach, Gong, etc.)
Experience prospecting into enterprise or mid-market accounts is a plus
Background in healthcare technology is a plus


Compensation & Growth


Competitive base salary + uncapped commission
Clear path to promotion into Enterprise Account Executive, Mid-Market AE, or Strategic Sales role
Promotion is performance-based, not tenure-based.
Our top enterprise SDRs can advance quickly by consistently creating qualified pipeline and demonstrating readiness for more complex sales motions.


Why Solutionreach 

At Solutionreach, we help healthcare organizations improve patient communication and drive better outcomes at scale.

This is a high-growth SaaS environment where enterprise SDRs directly influence strategic pipeline creation and long-term revenue growth.


Fast-paced, performance-driven culture
Clear expectations and measurable success
Leadership invested in developing top enterprise sales talent


Hiring Process


Phone call with Manager of Talent Acquisition
Interview with the Hiring Manager
Interview with the Team 


Solutionreach, Inc. is an equal opportunity employer and E-Verify participant. We welcome and encourage diversity in the workplace regardless of gender, race or color, ethnicity or national origin, age, disability, religion, sexual orientation, gender identity or expression, veteran status, or any other characteristics protected by law.",,,,,,direct_outbound,100,"outbound, prospecting, book meetings, crm, salesforce, sales development","Build the targeting, lead sourcing, sequences, follow-ups, CRM updates, attribution, and reporting around the outbound role.","Solutionreach, Inc. is actively hiring an Enterprise Sales Development Representative. The role indicates current investment in outbound or pipeline capacity.",opportunity_detected
pipeline_engine_hiring_intent,2026-06-22T15:07:07.370660+00:00,4341756134,https://www.linkedin.com/jobs/view/4341756134/,ZimVie,https://www.linkedin.com/company/zimvie/,http://www.zimvie.com/,zimvie.com,"Clinical Business Development Representative (Irvine, CA)","We are ZimVie, a publicly traded, global life sciences leader focused on restoring daily life by advancing clinical technology to improve patients’ smiles, function, and confidence. Our company is founded on a legacy of trusted brands, products, and clinical evidence made possible through an inclusive and collaborative culture that empowers our team members to bring their whole selves – their best selves – to work every day to accomplish our Mission. Together, our dedicated, diverse global team is shaping an exciting future for ZimVie — we hope you’ll consider being a part of it!

Location: This job will be based in Irvine, CA.

Job Summary

This is not your typical sales role. As a Clinical Business Development Representative, you’ll be a trusted advisor and connector—someone who bridges the gap between General Dentists and our network of Specialists. You’ll educate General Dentists, both existing and new customers, on clinical offerings, build long-term referral relationships, and help elevate the standard of care through education and access.

Principal Duties And Responsibilities


Educate General Dentists on the benefits of ZimVie dental implants and restorative workflows
Coordinate and host educational events, lunch-and-learns and study club events to build awareness and grow adoption of ZimVie usage in your market
Serve as a trusted clinical liaison to shift referral patterns of General Dentists to our network of Specialty providers
Provide chairside restorative support and hands-on demonstrations to improve clinical competencies while increasing implant case acceptance 
Work collaboratively with both the ZimVie Corporate and Commercial Sales Teams on all activities the help drive the success
Track outreach activity, referral growth, and relationship milestones using CRM tools
Stay informed on clinical advancements, competitor offerings, and market trends


Expected Areas Of Competence (i.e., Knowledge, Skills And Abilities)


Strong understanding of the dental referral landscape and the value of interdisciplinary care
Extensive implant dentistry and dental market knowledge 
Experience engaging with doctors and clinical teams in a variety of settings
Passion for educating and empowering providers with relevant clinical information
Ability to work successfully in a team environment and communicate regularly with internal stakeholders
Understanding of ZimVie’s products, dental industry, and competitor’s products and strategies
Excellent communication, presentation, and interpersonal skills


Education/Experience Requirements


5+ years’ experience in a clinical dental role such as hygienist, office manager or implant treatment coordinator
Or 2+ years’ experience in a dental sales role
Associate’s degree or higher in business, marketing, health sciences or related field


Travel Requirements


20%


ZimVie is an Equal Opportunity Employer committed to diversity and inclusion in the workplace. All qualified applicants for employment and employment decisions, including hiring, promotion, transfer, demotion, evaluation, compensation, and separation, are considered without regard to race, color, religion, religious beliefs, creed, national origin, ancestry, citizenship status, age, gender/sex (including pregnancy, childbirth, related medical conditions, lactation and breastfeeding), gender identity or expression (including transgender status), sexual orientation, marital status, military status, protected veteran status, disability, protected medical condition as defined by applicable state or local law, genetic information, or any other status protected under applicable federal, state and local laws.

ZimVie generally does not sponsor applicant work visas for this position.


Requisition ID: 3282",,,,,,direct_outbound,100,crm,"Build the targeting, lead sourcing, sequences, follow-ups, CRM updates, attribution, and reporting around the outbound role.","ZimVie is actively hiring a Clinical Business Development Representative (Irvine, CA). The role indicates current investment in outbound or pipeline capacity.",opportunity_detected
pipeline_engine_hiring_intent,2026-06-22T15:07:07.370660+00:00,4368041445,https://www.linkedin.com/jobs/view/4368041445/,Vendition,https://www.linkedin.com/company/govendition/,https://vendition.com/,vendition.com,Sales Development Representative,"This is a hybrid role.




Vendition is seeking high-performing SDRs with 6 months+ of experience to join one of our high-growth partner companies.




Vendition has helped thousands of SDRs land jobs at hundreds of technology companies all over the country! And in addition to helping with direct job placement, Vendition offers coaching and mentorship during your first 12 weeks on the job to ensure a smooth transition and a quick promotion!




In This Role You’ll:

Prospect, educate, and develop leads to create sales-ready opportunities
Research and maintain account data against prioritized accounts; identify key players and generate the interest of key prospects
Achieve monthly quotas of meetings completed and fully qualified opportunities
Provide thorough discovery data to each Account Executive to ensure successful opportunities
Become a trusted and credible resource, developing superior relationships with Account Executives
Provide ongoing feedback to the sales department for continuous process optimization
Become an expert at prospecting and master the tools needed to be successful




We Are Looking For People Who Are:

Confident self starters, and enthusiastic team players who thrive in a fast-paced work environment
Overachievers who do their very best work individually and as part of a team
Detail oriented, passionate about data and strong familiarity with a sales process
Proven critical thinkers who solves difficult problems
Articulate and succinct communicators, verbally and in writing




You have:

6+ months SDR experience - Prospecting, qualifying, cold calling
Previous startup experience is a plus!",$55K/yr + Commission,55000.0,55000.0,USD,year,direct_outbound,100,"cold calling, prospecting, sales development","Build the targeting, lead sourcing, sequences, follow-ups, CRM updates, attribution, and reporting around the outbound role.",Vendition is actively hiring a Sales Development Representative. The role indicates current investment in outbound or pipeline capacity.,opportunity_detected
pipeline_engine_hiring_intent,2026-06-22T15:07:07.370660+00:00,4431718069,https://www.linkedin.com/jobs/view/4431718069/,Bucks Bama Blitz,https://www.linkedin.com/company/bucks-bama-blitz/,,,Sales Development Representative,"Sales Development Representative




Location: Birmingham, AL

Job Type: Full-Time | Entry-Level | Immediate Start




Are you ambitious, goal-driven, and ready to launch a sales career with real leadership potential? Bucks Bama Blitz is looking for a Sales Development Representative (SDR) to join our fast-paced team in Birmingham. Whether you're looking for your first professional role or a fresh opportunity with long-term growth, this is the stepping stone to a high-impact career in sales and team leadership.

No previous sales experience required — full training provided.




What You’ll Do:

As a Sales Development Representative, you’ll be the first point of contact between our brand and potential customers. You’ll play a key role in customer acquisition, team collaboration, and business development. With structured support and real leadership opportunities, this role offers far more than just entry-level responsibilities.

Engage directly with prospective customers in-person to understand their needs and introduce solutions
Qualify leads, manage customer accounts, and ensure satisfaction throughout the customer journey
Collaborate with teammates to improve performance and customer engagement strategies
Drive revenue growth through upselling, cross-selling, and closing new business
Take on early-stage leadership tasks, including peer support and performance reporting




What We’re Looking For:

Clear, confident communication and a customer-first mindset
Motivated, proactive approach—you take initiative and want to grow fast
A team-oriented mindset with leadership potential
No prior sales experience necessary—just bring energy, drive, and a willingness to learn
Strong interpersonal skills and the ability to adapt to different audiences




Why Join Bucks Bama Blitz?

Weekly Pay + Uncapped Commission — Your earning potential grows with your performance
Ongoing Sales Training & Mentorship — Learn from experienced leaders who want to see you win
Leadership Development — Move into a Team Lead role as you hit your targets and grow
Career Progression — Clear pathway into sales management, business development, or client strategy
Fun, Fast-Paced Environment — Dynamic office culture with social events, incentives, and team collaboration
Immediate Start Available — We're hiring now and moving quickly for the right candidate




Start Your Sales Career the Right Way

At Bucks Bama Blitz, we’re building the next generation of sales leaders. If you’re ready to work hard, learn fast, and grow with a company that invests in your success, this is your opportunity.

Apply now to join our Sales Development team in Birmingham.",,,,,,direct_outbound,100,sales development,"Build the targeting, lead sourcing, sequences, follow-ups, CRM updates, attribution, and reporting around the outbound role.",Bucks Bama Blitz is actively hiring a Sales Development Representative. The role indicates current investment in outbound or pipeline capacity.,opportunity_detected
pipeline_engine_hiring_intent,2026-06-22T15:07:07.370660+00:00,4430533906,https://www.linkedin.com/jobs/view/4430533906/,InnoSource,https://www.linkedin.com/company/innosource/,http://www.innosource.com/,innosource.com,Business Development Representative,"InnoSource is a workforce solutions company that helps organizations hire better, operate smarter, and scale faster. For more than 25 years, we have delivered recruiting services, outsourced workforce solutions, and AI-enabled business tools to companies across the United States.

Our clients range from Fortune 100 enterprises to high-growth organizations that rely on InnoSource to solve complex hiring and operational challenges.




The Role — Your Job Is to Create Sales Opportunities

We are looking for a high-energy Business Development Representative (or Inside Sales Representative) who thrives on outbound prospecting and booking meetings. Your primary responsibility is to manage the first phases of our consultative sales process, where the ultimate goal is to see prospects become customers. You will develop a relationship with your prospects and assist our Sales Executives as they begin to manage the relationship after meetings with prospects are scheduled.




You will spend your day calling, emailing, and connecting with hiring leaders through the channels of connection you develop to introduce InnoSource solutions and secure meetings. You will work with our marketing team to develop sales materials to assist your sales process.

If you enjoy competition, daily metrics, and the satisfaction of converting a cold call into a booked meeting, you will excel in this role.




What You Will Do

Make high-volume outbound calls daily to targeted prospects
Develop multiple sources for outreach through phone, email, LinkedIn, and other channels
Identify hiring decision makers and qualify potential opportunities
Book qualified appointments for senior sales leaders
Build and maintain a consistent top-of-funnel pipeline
Track activity and outcomes in CRM systems
Hit and exceed daily, weekly, and monthly activity targets
Continuously improve messaging and outreach strategy
Develop sales materials to assist your sales process




Performance Expectations

Maintain a high volume of daily prospect outreach and conversations that lead to qualified meetings scheduled with our Sales Executives each month. Top performers will be able to significantly increase their earnings through this activity.




What Makes Someone Successful in This Role

You are someone who:

Is highly competitive and motivated by winning
Is comfortable hearing “no” and moving immediately to the next opportunity
Thrives in a metrics-driven environment
Has strong verbal communication and persuasion skills
Brings energy and persistence to every call
Wants to grow into a full sales executive role




Experience

2+ years of experience in inside sales, SDR, or BDR roles (preferred)
Proven ability to meet or exceed outreach and appointment metrics
Experience in staffing, recruiting, or B2B services is a plus
Experience selling into industries such as utilities, manufacturing, financial services, insurance, banking, call centers, or technology is helpful
Bachelor’s degree preferred




Compensation & Growth

Competitive base salary
Uncapped commission structure tied to meetings and pipeline creation
Full benefits package
Clear growth path




Pre-Employment Checks

As part of our hiring process, InnoSource may obtain a background check (known as a ""Consumer Report"") from a Consumer Reporting Agency. This report will include a criminal records check and may also include verification of your Social Security number, driving record, education and/or employment history, credit history, or other background information. A drug and/or nicotine screen may also be required.




By “Submitting” this application/form you are opting-in/signing up for texts, you consent to receive communication via text messages from InnoSource, Inc. at the number provided, including messages sent by an auto dialer. Message and data rates may apply. Message frequency varies. Privacy Policy and Terms.




Equal Opportunity Employer - Age/Race/Color/Sex/Sexual Orientation/Gender Identity/Disability/Veteran",,,,,,direct_outbound,100,"outbound, prospecting, crm","Build the targeting, lead sourcing, sequences, follow-ups, CRM updates, attribution, and reporting around the outbound role.",InnoSource is actively hiring a Business Development Representative. The role indicates current investment in outbound or pipeline capacity.,opportunity_detected
pipeline_engine_hiring_intent,2026-06-22T15:07:07.370660+00:00,4291633466,https://www.linkedin.com/jobs/view/4291633466/,Siro,https://www.linkedin.com/company/siro-ai/,http://www.siro.ai/,siro.ai,Business Development Representative,"Field sales powers the economy — but most teams are struggling. Reps are buried in admin work, managers are stretched thin, and leaders can’t see what’s really happening in the field.

Siro is redefining how field sales teams learn, perform, and win.

We started as an AI-powered coaching platform that helped reps improve their outcomes in the field.

Today, we’re something much bigger — an intelligent companion that automates sales reps’ tedious admin work, gives managers real-time visibility, and helps executives see around corners.

Our platform integrates with systems like Salesforce, analyzing thousands of in-person sales conversations to surface insights, automate workflows, and drive better outcomes across the org. Think Iron Man’s Jarvis for sales — proactive, personalized, and built directly into the tools teams already use.

Siro has raised $75M and is backed by world-class investors like Index, Fika, CRV, and SignalFire. We are trusted by leading home-improvement, retail, hospitality, and automotive brands, and powered by a lean team from Meta, McKinsey, Doordash, and Uber.

We’re building the future of human-AI collaboration in sales — and we’re just getting started.

The Role

We’re looking for a highly motivated and experienced BDR, or someone with field-sales experience, to drive top-of-funnel efforts, qualifying prospects and turning them into leads for our AEs to close. You'll be at the forefront of booking demos and sparking initial interest in our solutions.

This role is ideal for someone who can quickly ramp up and learn the product/market/sales motion, and wants to be an AE within 12 months.

This is a full-time role in New York City.

You Will


Drive our top-of-funnel efforts, qualifying prospects and turning them into leads ready for our Account Executives (AEs) to close.
Attend trade shows and industry events to generate leads. This role will require domestic travel.
Engage with prospects through face-to-face interactions, showcasing the value of our products/services and booking demos for our AEs.
Follow up on leads generated from events, marketing campaigns, and other sources to qualify and nurture them through the sales funnel.
Collaborate closely with the sales and marketing teams to develop and execute strategies that drive top-of-funnel activity.
Maintain accurate and up-to-date records of all activities, interactions, and follow-ups in our CRM system.
Continuously learn about our industry, market trends, and competitors to effectively communicate our value proposition.


Requirements


High energy and an unstoppable drive to succeed.
Previous success as a BDR, in field sales, or in B2B SaaS sales is strongly preferred
Excellent communication and cold-calling skills 
Excellent interpersonal skills, with the ability to engage and build relationships with people from various backgrounds
Ability to work independently, prioritize, and manage time effectively in a fast-paced environment.
Willingness to travel extensively to attend trade shows and events.
A team player mindset, eager to contribute to a collaborative team environment.


Nice To Have


Experience at a pre Series-C startup
Familiar with the influencers in the home improvement and home services spaces


Compensation


$110k OTE
Career Path: Promotion to Growth AE following 12 successful months in the BDR role


At Siro, we are committed to creating a diverse and inclusive environment where all people feel that they are equally respected and valued, whether they are applying for an open position or working at the company. We provide equal employment opportunities to all applicants without regard to race, religion, color, national origin, gender, sexual orientation, age, marital status, veteran status, or disability status.",$110k OTE,110000.0,110000.0,USD,year,direct_outbound,100,"crm, salesforce","Build the targeting, lead sourcing, sequences, follow-ups, CRM updates, attribution, and reporting around the outbound role.",Siro is actively hiring a Business Development Representative. The role indicates current investment in outbound or pipeline capacity.,opportunity_detected
