signal_type,detected_at,lead_type,lead_key,person_name,person_linkedin_url,headline,company_name,company_linkedin_url,company_website,company_domain,source_url,evidence,metadata_json
competitor_commenter,2026-06-20T14:43:27.618856+00:00,person,person:https://linkedin.com/in/weipeng-zhuo-consulting,Weipeng Zhuo,https://linkedin.com/in/weipeng-zhuo-consulting,"Ex-Meta | CEO, Nexrizen | AI Systems Architect | 2x Startup Founder | Published Researcher | Yogi — For fast relief, try slowing down.",,,,,https://linkedin.com/feed/update/urn:li:ugcPost:7473212159070617600,"The best AI products won't be marketed as AI at all. They'll just be the CRM that suddenly writes better emails, or the scheduling tool that actually understands context. Most businesses don't want to learn new tools, they want their current ones to stop being annoying.","{""comment_age"": ""3h"", ""competitor_name"": ""Ben van Sprundel"", ""competitor_profile_url"": ""https://www.linkedin.com/in/benvansprundel"", ""reaction_type"": """", ""source_post_age"": ""4h""}"
competitor_commenter,2026-06-20T14:43:27.618856+00:00,person,person:https://linkedin.com/in/akshu-grewal,Akshu Grewal,https://linkedin.com/in/akshu-grewal,AI Engineer | Agentic AI Systems · LangGraph · Google ADK · RAG | AI Automation,,,,,https://linkedin.com/feed/update/urn:li:ugcPost:7473212159070617600,The ones that win won't feel like AI at all. They'll just feel like the software finally started doing its job,"{""comment_age"": ""4h"", ""competitor_name"": ""Ben van Sprundel"", ""competitor_profile_url"": ""https://www.linkedin.com/in/benvansprundel"", ""reaction_type"": """", ""source_post_age"": ""4h""}"
competitor_commenter,2026-06-20T14:43:27.618856+00:00,person,person:https://linkedin.com/in/marc-soummer-958baa295,Marc Soummer,https://linkedin.com/in/marc-soummer-958baa295,Founder @ Silverline Growth | Helping Service Businesses Recover Missed Leads,,,,,https://linkedin.com/feed/update/urn:li:ugcPost:7473209528445173760,"When me.md and brand.md are actually aligned you cut down on tone mismatches fast, and keeping strategy.md short with a date makes it obvious when the second brain needs a refresh.","{""comment_age"": ""1d"", ""competitor_name"": ""Ben van Sprundel"", ""competitor_profile_url"": ""https://www.linkedin.com/in/benvansprundel"", ""reaction_type"": """", ""source_post_age"": ""1d""}"
competitor_commenter,2026-06-20T14:43:27.618856+00:00,person,person:https://linkedin.com/in/hisham-h-shihab,Hisham H. Shihab,https://linkedin.com/in/hisham-h-shihab,Drive revenue with production AI systems | Upwork Expert-Vetted top 1%,,,,,https://linkedin.com/feed/update/urn:li:ugcPost:7473207109929828354,"we built something almost identical. centralized quality gate that every piece of content runs through before it goes out. the difference before and after was immediate.. not because the team was producing bad work, but because ""good"" meant something different to every person on the team","{""comment_age"": ""2d"", ""competitor_name"": ""Ben van Sprundel"", ""competitor_profile_url"": ""https://www.linkedin.com/in/benvansprundel"", ""reaction_type"": """", ""source_post_age"": ""2d""}"
competitor_commenter,2026-06-20T14:43:27.618856+00:00,person,person:https://linkedin.com/in/hemantshah94,Hemant Shah,https://linkedin.com/in/hemantshah94,AI Enthusiast & CoFounder @Techinfinity Turning open-source AI into real business leverage | Marketing · Branding · 3D · E-Commerce,,,,,https://linkedin.com/feed/update/urn:li:ugcPost:7467963481405906944,"Ben, I appreciate the focus on leveraging AI effectively—what do you see as the biggest misconception professionals have when trying to integrate AI into their workflows?","{""comment_age"": ""5d"", ""competitor_name"": ""Ben van Sprundel"", ""competitor_profile_url"": ""https://www.linkedin.com/in/benvansprundel"", ""reaction_type"": """", ""source_post_age"": ""2w""}"
competitor_reaction,2026-06-20T14:44:05.194980+00:00,person,person:https://linkedin.com/in/ACoAAECorpUBFqvRp0zyP5ZBF0wxdQJgzLpWrwE,Fareed Iqbal,https://linkedin.com/in/ACoAAECorpUBFqvRp0zyP5ZBF0wxdQJgzLpWrwE,Talking Head Video Editor | Social Media & YouTube Expert,,,,,https://linkedin.com/in/benvansprundel/recent-activity/all,Reacted to Ben van Sprundel's LinkedIn post.,"{""comment_age"": """", ""competitor_name"": ""Ben van Sprundel"", ""competitor_profile_url"": ""https://www.linkedin.com/in/benvansprundel"", ""reaction_type"": ""any"", ""source_post_age"": ""4h""}"
competitor_reaction,2026-06-20T14:44:05.194980+00:00,person,person:https://linkedin.com/in/ACoAAFuEAY4BwwaxYZerIJ-_BWyYwv5J58XR0to,Aviral Chauhan,https://linkedin.com/in/ACoAAFuEAY4BwwaxYZerIJ-_BWyYwv5J58XR0to,"Helping mid-market B2B Organizations and Big Non-Profits Automate Operations, Reduce Manual Work & Scale Revenue with AI | RevOps & GTM",,,,,https://linkedin.com/in/benvansprundel/recent-activity/all,Reacted to Ben van Sprundel's LinkedIn post.,"{""comment_age"": """", ""competitor_name"": ""Ben van Sprundel"", ""competitor_profile_url"": ""https://www.linkedin.com/in/benvansprundel"", ""reaction_type"": ""any"", ""source_post_age"": ""4h""}"
competitor_reaction,2026-06-20T14:44:05.194980+00:00,person,person:https://linkedin.com/in/ACoAABJUyHgBPrH4E1bGSpZhtyxf8sM5qD8JM4o,Ruben van Schie,https://linkedin.com/in/ACoAABJUyHgBPrH4E1bGSpZhtyxf8sM5qD8JM4o,"Inspecteur bij Liftinstituut, AD(H)D-Coach Mind On Adventure",,,,,https://linkedin.com/in/benvansprundel/recent-activity/all,Reacted to Ben van Sprundel's LinkedIn post.,"{""comment_age"": """", ""competitor_name"": ""Ben van Sprundel"", ""competitor_profile_url"": ""https://www.linkedin.com/in/benvansprundel"", ""reaction_type"": ""any"", ""source_post_age"": ""4h""}"
competitor_reaction,2026-06-20T14:44:05.194980+00:00,person,person:https://linkedin.com/in/ACoAAAU80q4Bs215Pvk0md5Zab5pOmXK-k1b9AI,Alexandre Kantjas,https://linkedin.com/in/ACoAAAU80q4Bs215Pvk0md5Zab5pOmXK-k1b9AI,I teach AI and automation,,,,,https://linkedin.com/in/benvansprundel/recent-activity/all,Reacted to Ben van Sprundel's LinkedIn post.,"{""comment_age"": """", ""competitor_name"": ""Ben van Sprundel"", ""competitor_profile_url"": ""https://www.linkedin.com/in/benvansprundel"", ""reaction_type"": ""any"", ""source_post_age"": ""4h""}"
competitor_reaction,2026-06-20T14:44:05.194980+00:00,person,person:https://linkedin.com/in/ACoAAFnr07UBvIp3w_zMBn8k3a8M6RJZ-wPHaGQ,Aloysius Ezeoyili,https://linkedin.com/in/ACoAAFnr07UBvIp3w_zMBn8k3a8M6RJZ-wPHaGQ,Founder @Aloysiuscopy | Scaling Health and Lifestyle Brands with Email & SMS Marketing.,,,,,https://linkedin.com/in/benvansprundel/recent-activity/all,Reacted to Ben van Sprundel's LinkedIn post.,"{""comment_age"": """", ""competitor_name"": ""Ben van Sprundel"", ""competitor_profile_url"": ""https://www.linkedin.com/in/benvansprundel"", ""reaction_type"": ""any"", ""source_post_age"": ""4h""}"
competitor_reaction,2026-06-20T14:44:05.194980+00:00,person,person:https://linkedin.com/in/ACoAAFZMJNYBR0aWd_--q4kt-Uuv4MgsnWZ6Fk4,Srivathsa G,https://linkedin.com/in/ACoAAFZMJNYBR0aWd_--q4kt-Uuv4MgsnWZ6Fk4,"AI Automation Specialist @ Dare Network | I help businesses automate and scale using AI infrastructure, intelligent agents, and AI custom systems",,,,,https://linkedin.com/in/benvansprundel/recent-activity/all,Reacted to Ben van Sprundel's LinkedIn post.,"{""comment_age"": """", ""competitor_name"": ""Ben van Sprundel"", ""competitor_profile_url"": ""https://www.linkedin.com/in/benvansprundel"", ""reaction_type"": ""any"", ""source_post_age"": ""4h""}"
competitor_reaction,2026-06-20T14:44:05.194980+00:00,person,person:https://linkedin.com/in/ACoAADRNw_8BrhLAq7tHCGw6S6b82cRUvVeASEY,Naveed Ali,https://linkedin.com/in/ACoAADRNw_8BrhLAq7tHCGw6S6b82cRUvVeASEY,Senior AI Consultant at BenAI,,,,,https://linkedin.com/in/benvansprundel/recent-activity/all,Reacted to Ben van Sprundel's LinkedIn post.,"{""comment_age"": """", ""competitor_name"": ""Ben van Sprundel"", ""competitor_profile_url"": ""https://www.linkedin.com/in/benvansprundel"", ""reaction_type"": ""any"", ""source_post_age"": ""4h""}"
competitor_reaction,2026-06-20T14:44:05.194980+00:00,person,person:https://linkedin.com/in/ACoAAA3-fMQB6S3j9iJ_7dbTksYPNiHPm6rg72I,Mehdi Yari,https://linkedin.com/in/ACoAAA3-fMQB6S3j9iJ_7dbTksYPNiHPm6rg72I,"AI Consultant | Builder | AI Scientist | Design, build and implement Machine learning and language model products | AI/ML/ NLP | PhD | DM for consulting",,,,,https://linkedin.com/in/benvansprundel/recent-activity/all,Reacted to Ben van Sprundel's LinkedIn post.,"{""comment_age"": """", ""competitor_name"": ""Ben van Sprundel"", ""competitor_profile_url"": ""https://www.linkedin.com/in/benvansprundel"", ""reaction_type"": ""any"", ""source_post_age"": ""4h""}"
competitor_reaction,2026-06-20T14:44:05.194980+00:00,person,person:https://linkedin.com/in/ACoAACa88N4BjXegIBiVBP4hEDscUvDJiJqetag,Shambaditya Mukherjee,https://linkedin.com/in/ACoAACa88N4BjXegIBiVBP4hEDscUvDJiJqetag,GTM Engineer @GenPage | Helping EU SMEs Scale Operations Smarter with AI |,,,,,https://linkedin.com/in/benvansprundel/recent-activity/all,Reacted to Ben van Sprundel's LinkedIn post.,"{""comment_age"": """", ""competitor_name"": ""Ben van Sprundel"", ""competitor_profile_url"": ""https://www.linkedin.com/in/benvansprundel"", ""reaction_type"": ""any"", ""source_post_age"": ""4h""}"
competitor_reaction,2026-06-20T14:44:05.194980+00:00,person,person:https://linkedin.com/in/ACoAAEBLjRoBa8Qv-k8HrgPOEaD3HyN-V99xQKY,Shardul Rajhans,https://linkedin.com/in/ACoAAEBLjRoBa8Qv-k8HrgPOEaD3HyN-V99xQKY,Designing AI-Driven Automation Systems for Scalable E-commerce Brands.,,,,,https://linkedin.com/in/benvansprundel/recent-activity/all,Reacted to Ben van Sprundel's LinkedIn post.,"{""comment_age"": """", ""competitor_name"": ""Ben van Sprundel"", ""competitor_profile_url"": ""https://www.linkedin.com/in/benvansprundel"", ""reaction_type"": ""any"", ""source_post_age"": ""4h""}"
competitor_reaction,2026-06-20T14:44:05.194980+00:00,person,person:https://linkedin.com/in/ACoAAC9qI8kBP0zHCZGjEH9klsreHIpWikao7tE,Oskar Johnston,https://linkedin.com/in/ACoAAC9qI8kBP0zHCZGjEH9klsreHIpWikao7tE,I Help Professionals Use AI Better Than 99% | Founder @ Ben AI,,,,,https://linkedin.com/in/benvansprundel/recent-activity/all,Reacted to Ben van Sprundel's LinkedIn post.,"{""comment_age"": """", ""competitor_name"": ""Ben van Sprundel"", ""competitor_profile_url"": ""https://www.linkedin.com/in/benvansprundel"", ""reaction_type"": ""any"", ""source_post_age"": ""2d""}"
competitor_reaction,2026-06-20T14:44:05.194980+00:00,person,person:https://linkedin.com/in/ACoAAAFtqOAByBg8ffmwp1-sfzlOwqy-E_V5AWY,Sankarnarayan R,https://linkedin.com/in/ACoAAAFtqOAByBg8ffmwp1-sfzlOwqy-E_V5AWY,"Helping Businesses Scale with White-Label Web, AI & Automation, Partner for Digital Agencies | Founder, ColorWhistle",,,,,https://linkedin.com/in/benvansprundel/recent-activity/all,Reacted to Ben van Sprundel's LinkedIn post.,"{""comment_age"": """", ""competitor_name"": ""Ben van Sprundel"", ""competitor_profile_url"": ""https://www.linkedin.com/in/benvansprundel"", ""reaction_type"": ""any"", ""source_post_age"": ""2d""}"
competitor_reaction,2026-06-20T14:44:05.194980+00:00,person,person:https://linkedin.com/in/ACoAAC-sm2MBqEKr7wvhhWkwLyhKiaG-OHn5kfE,Lívia Cândido,https://linkedin.com/in/ACoAAC-sm2MBqEKr7wvhhWkwLyhKiaG-OHn5kfE,"Partner, Amorim Global | International Investments & Tax | M.Sc. Candidate in Business Law",,,,,https://linkedin.com/in/benvansprundel/recent-activity/all,Reacted to Ben van Sprundel's LinkedIn post.,"{""comment_age"": """", ""competitor_name"": ""Ben van Sprundel"", ""competitor_profile_url"": ""https://www.linkedin.com/in/benvansprundel"", ""reaction_type"": ""any"", ""source_post_age"": ""2d""}"
competitor_reaction,2026-06-20T14:44:05.194980+00:00,person,person:https://linkedin.com/in/ACoAAA5JuWEBXefkbc0uwSi2jmi92Cie8o02pAI,Wouter van den Bijgaart,https://linkedin.com/in/ACoAAA5JuWEBXefkbc0uwSi2jmi92Cie8o02pAI,From AI agent to Hive Mind. Company Second Brains for scale-ups that want to multiply their A-players.,,,,,https://linkedin.com/in/benvansprundel/recent-activity/all,Reacted to Ben van Sprundel's LinkedIn post.,"{""comment_age"": """", ""competitor_name"": ""Ben van Sprundel"", ""competitor_profile_url"": ""https://www.linkedin.com/in/benvansprundel"", ""reaction_type"": ""any"", ""source_post_age"": ""2d""}"
competitor_reaction,2026-06-20T14:44:05.194980+00:00,person,person:https://linkedin.com/in/ACoAAApegvQBKPJ8M25bytGpWme7pmHL9xwX2hg,William Jing Wen Siew,https://linkedin.com/in/ACoAAApegvQBKPJ8M25bytGpWme7pmHL9xwX2hg,"An AI product and transformation strategist leading human-AI capability, product adoption, and responsible organisational change.",,,,,https://linkedin.com/in/benvansprundel/recent-activity/all,Reacted to Ben van Sprundel's LinkedIn post.,"{""comment_age"": """", ""competitor_name"": ""Ben van Sprundel"", ""competitor_profile_url"": ""https://www.linkedin.com/in/benvansprundel"", ""reaction_type"": ""any"", ""source_post_age"": ""2d""}"
competitor_reaction,2026-06-20T14:44:05.194980+00:00,person,person:https://linkedin.com/in/ACoAACQRig0BEVZGTv4j5_hYdb1eKePYkmm-FZo,Maarten Verstraten,https://linkedin.com/in/ACoAACQRig0BEVZGTv4j5_hYdb1eKePYkmm-FZo,"Founder @ YouLynq.me | Magnetic networking | LinkedIn is not a sales channel, it’s a networking platform | Guiding my team to success in life | Extreme sports and adventure lover",,,,,https://linkedin.com/in/benvansprundel/recent-activity/all,Reacted to Ben van Sprundel's LinkedIn post.,"{""comment_age"": """", ""competitor_name"": ""Ben van Sprundel"", ""competitor_profile_url"": ""https://www.linkedin.com/in/benvansprundel"", ""reaction_type"": ""any"", ""source_post_age"": ""2d""}"
competitor_reaction,2026-06-20T14:44:05.194980+00:00,person,person:https://linkedin.com/in/ACoAABW5gUwBK6Etm4OshsxWBtNtU1c3ANqSml4,Jorrit van Ginkel,https://linkedin.com/in/ACoAABW5gUwBK6Etm4OshsxWBtNtU1c3ANqSml4,Every LinkedIn signal sorted into 1 inbox | Building Ziplined.io,,,,,https://linkedin.com/in/benvansprundel/recent-activity/all,Reacted to Ben van Sprundel's LinkedIn post.,"{""comment_age"": """", ""competitor_name"": ""Ben van Sprundel"", ""competitor_profile_url"": ""https://www.linkedin.com/in/benvansprundel"", ""reaction_type"": ""any"", ""source_post_age"": ""2d""}"
competitor_reaction,2026-06-20T14:44:05.194980+00:00,person,person:https://linkedin.com/in/ACoAAEPAmLQB7nrtNh6D8FZSbLnEDS2xQ8D-OcI,Nolan Prayagsing,https://linkedin.com/in/ACoAAEPAmLQB7nrtNh6D8FZSbLnEDS2xQ8D-OcI,Tu perds de l’argent chaque jour car tes chantiers ne sont pas suivis correctement | Fondateur Optialys | Ateliers & services haut de gamme,,,,,https://linkedin.com/in/benvansprundel/recent-activity/all,Reacted to Ben van Sprundel's LinkedIn post.,"{""comment_age"": """", ""competitor_name"": ""Ben van Sprundel"", ""competitor_profile_url"": ""https://www.linkedin.com/in/benvansprundel"", ""reaction_type"": ""any"", ""source_post_age"": ""2d""}"
competitor_reaction,2026-06-20T14:44:05.194980+00:00,person,person:https://linkedin.com/in/ACoAAFLPnS4BIRdvEhzfX4l9Rv0s9WiRjCh_9Y8,Preet Patra,https://linkedin.com/in/ACoAAFLPnS4BIRdvEhzfX4l9Rv0s9WiRjCh_9Y8,I help marketing agency founders solve manual ops with AI systems.,,,,,https://linkedin.com/in/benvansprundel/recent-activity/all,Reacted to Ben van Sprundel's LinkedIn post.,"{""comment_age"": """", ""competitor_name"": ""Ben van Sprundel"", ""competitor_profile_url"": ""https://www.linkedin.com/in/benvansprundel"", ""reaction_type"": ""any"", ""source_post_age"": ""2d""}"
competitor_reaction,2026-06-20T14:44:05.194980+00:00,person,person:https://linkedin.com/in/ACoAABqBUxQBqTNf8j1xUr0IsNDGBpmYN5IF6VA,"Logan Walder, CPA",https://linkedin.com/in/ACoAABqBUxQBqTNf8j1xUr0IsNDGBpmYN5IF6VA,Transaction Advisory Manager at Stella Growth Partners,,,,,https://linkedin.com/in/benvansprundel/recent-activity/all,Reacted to Ben van Sprundel's LinkedIn post.,"{""comment_age"": """", ""competitor_name"": ""Ben van Sprundel"", ""competitor_profile_url"": ""https://www.linkedin.com/in/benvansprundel"", ""reaction_type"": ""any"", ""source_post_age"": ""2d""}"
competitor_reaction,2026-06-20T14:44:05.194980+00:00,person,person:https://linkedin.com/in/ACoAABe5rZABbPchBEKH58DYo_23fipEzWo72JE,"Max Ghadri, M.Sc.",https://linkedin.com/in/ACoAABe5rZABbPchBEKH58DYo_23fipEzWo72JE,AI Scientist | M.Sc. Mechanical Engineering | Numerical Simulation Methods,,,,,https://linkedin.com/in/benvansprundel/recent-activity/all,Reacted to Ben van Sprundel's LinkedIn post.,"{""comment_age"": """", ""competitor_name"": ""Ben van Sprundel"", ""competitor_profile_url"": ""https://www.linkedin.com/in/benvansprundel"", ""reaction_type"": ""any"", ""source_post_age"": ""2w""}"
competitor_reaction,2026-06-20T14:44:05.194980+00:00,person,person:https://linkedin.com/in/ACoAAESk4NYBjwhNy2npgl3JT4obsnqm-BD_nx0,Antoine Conticello Fund,https://linkedin.com/in/ACoAAESk4NYBjwhNy2npgl3JT4obsnqm-BD_nx0,Marketing & Growth,,,,,https://linkedin.com/in/benvansprundel/recent-activity/all,Reacted to Ben van Sprundel's LinkedIn post.,"{""comment_age"": """", ""competitor_name"": ""Ben van Sprundel"", ""competitor_profile_url"": ""https://www.linkedin.com/in/benvansprundel"", ""reaction_type"": ""any"", ""source_post_age"": ""2w""}"
competitor_reaction,2026-06-20T14:44:05.194980+00:00,person,person:https://linkedin.com/in/ACoAAAYuN1MBaU-AZIGEred3I7rW-_VBrsvnAT4,Ajay Pradeep S R,https://linkedin.com/in/ACoAAAYuN1MBaU-AZIGEred3I7rW-_VBrsvnAT4,Founder at AJ Ventures,,,,,https://linkedin.com/in/benvansprundel/recent-activity/all,Reacted to Ben van Sprundel's LinkedIn post.,"{""comment_age"": """", ""competitor_name"": ""Ben van Sprundel"", ""competitor_profile_url"": ""https://www.linkedin.com/in/benvansprundel"", ""reaction_type"": ""any"", ""source_post_age"": ""2w""}"
competitor_reaction,2026-06-20T14:44:05.194980+00:00,person,person:https://linkedin.com/in/ACoAAEpKEXwBRl8HOAtYYPzRUrqGVfn3beJsyTk,Yazan Akili,https://linkedin.com/in/ACoAAEpKEXwBRl8HOAtYYPzRUrqGVfn3beJsyTk,I build automation systems for marketing agencies that eliminate manual work → N8N · Airtable · Supabase | Video content specialist,,,,,https://linkedin.com/in/benvansprundel/recent-activity/all,Reacted to Ben van Sprundel's LinkedIn post.,"{""comment_age"": """", ""competitor_name"": ""Ben van Sprundel"", ""competitor_profile_url"": ""https://www.linkedin.com/in/benvansprundel"", ""reaction_type"": ""any"", ""source_post_age"": ""2w""}"
competitor_reaction,2026-06-20T14:44:05.194980+00:00,person,person:https://linkedin.com/in/ACoAAA5z_DUBp1liEV4w-p-8FfA1sQ1wWUvNaqA,Chris Dunne,https://linkedin.com/in/ACoAAA5z_DUBp1liEV4w-p-8FfA1sQ1wWUvNaqA,SEO and AI Search Specialist | Content Strategist | CIM Qualified,,,,,https://linkedin.com/in/benvansprundel/recent-activity/all,Reacted to Ben van Sprundel's LinkedIn post.,"{""comment_age"": """", ""competitor_name"": ""Ben van Sprundel"", ""competitor_profile_url"": ""https://www.linkedin.com/in/benvansprundel"", ""reaction_type"": ""any"", ""source_post_age"": ""2w""}"
competitor_reaction,2026-06-20T14:44:05.194980+00:00,person,person:https://linkedin.com/in/ACoAAAHJzlABWNFVAWwT0nyn0s43-W9VFl4rgYM,Michael Nulty,https://linkedin.com/in/ACoAAAHJzlABWNFVAWwT0nyn0s43-W9VFl4rgYM,Helping companies get the most out of ServiceNow,,,,,https://linkedin.com/in/benvansprundel/recent-activity/all,Reacted to Ben van Sprundel's LinkedIn post.,"{""comment_age"": """", ""competitor_name"": ""Ben van Sprundel"", ""competitor_profile_url"": ""https://www.linkedin.com/in/benvansprundel"", ""reaction_type"": ""any"", ""source_post_age"": ""2w""}"
competitor_reaction,2026-06-20T14:44:05.194980+00:00,person,person:https://linkedin.com/in/ACoAADDKoF0BasEASUBOe1ecm0kBQ2ng-763Xuw,Adrita Mahata,https://linkedin.com/in/ACoAADDKoF0BasEASUBOe1ecm0kBQ2ng-763Xuw,A temporary pattern of consciousness pretending to be ‘Adrita.’ Building AI that automates the jobs we created to avoid asking what we’re actually for.,,,,,https://linkedin.com/in/benvansprundel/recent-activity/all,Reacted to Ben van Sprundel's LinkedIn post.,"{""comment_age"": """", ""competitor_name"": ""Ben van Sprundel"", ""competitor_profile_url"": ""https://www.linkedin.com/in/benvansprundel"", ""reaction_type"": ""any"", ""source_post_age"": ""2w""}"
competitor_reaction,2026-06-20T14:44:05.194980+00:00,person,person:https://linkedin.com/in/ACoAADoV6jwB0HtE5dKJcFl6Axu0Njpnz6r3Xkg,Yaroslav Prokhorovych,https://linkedin.com/in/ACoAADoV6jwB0HtE5dKJcFl6Axu0Njpnz6r3Xkg,We build AI that unlocks real freedom.,,,,,https://linkedin.com/in/benvansprundel/recent-activity/all,Reacted to Ben van Sprundel's LinkedIn post.,"{""comment_age"": """", ""competitor_name"": ""Ben van Sprundel"", ""competitor_profile_url"": ""https://www.linkedin.com/in/benvansprundel"", ""reaction_type"": ""any"", ""source_post_age"": ""2w""}"
technology_integration_opportunity,2026-06-20T15:03:01.150168+00:00,company,company:deliverables.ai,,,,deliverables.ai,,,deliverables.ai,https://deliverables.ai,"Detected technologies: HubSpot, Calendly, Apollo, Google Analytics, LinkedIn Insight, Amplitude, Next.js, Netlify","{""homepage_status"": ""200"", ""integration_opportunity"": ""Check APIs, webhooks, native integrations, n8n, and Zapier between the detected tools. Do not claim they are disconnected."", ""technologies"": ""HubSpot, Calendly, Apollo, Google Analytics, LinkedIn Insight, Amplitude, Next.js, Netlify""}"
manual_process_job_posting,,company,company-name:decisionpoint corporation,,,,DecisionPoint Corporation,,,,https://linkedin.com/jobs/view/4431306955,"maintain reports, maintaining records, task coordination, follow-ups, schedule meetings, administrative duties","{""evidence_phrases"": [""maintain reports"", ""maintaining records"", ""task coordination"", ""follow-ups"", ""schedule meetings"", ""administrative duties""], ""job_id"": ""4431306955"", ""job_title"": ""Operations Manager""}"
pipeline_engine_hiring_intent,2026-06-22T10:54:14.507991+00:00,company,job:4429112775,,,,Kyriba,https://www.linkedin.com/company/kyriba/,https://www.kyriba.com/,kyriba.com,https://linkedin.com/jobs/view/4429112775,Kyriba is actively hiring a Business Development Representative. The role indicates current investment in outbound or pipeline capacity.,"{""evidence_terms"": [""cold calling"", ""outbound"", ""prospecting"", ""salesforce""], ""intent_score"": 100, ""job_id"": ""4429112775"", ""job_title"": ""Business Development Representative"", ""offer_angle"": ""Build the targeting, lead sourcing, sequences, follow-ups, CRM updates, attribution, and reporting around the outbound role."", ""role_family"": ""direct_outbound"", ""status"": ""opportunity_detected""}"
pipeline_engine_hiring_intent,2026-06-22T10:54:14.507991+00:00,company,job:4391160446,,,,FloQast,https://www.linkedin.com/company/floqast/,http://www.floqast.com/,floqast.com,https://linkedin.com/jobs/view/4391160446,FloQast is actively hiring a Business Development Representative (Audit/Accounting Experience). The role indicates current investment in outbound or pipeline capacity.,"{""evidence_terms"": [""cold calling"", ""outbound"", ""prospecting"", ""salesforce""], ""intent_score"": 100, ""job_id"": ""4391160446"", ""job_title"": ""Business Development Representative (Audit/Accounting Experience)"", ""offer_angle"": ""Build the targeting, lead sourcing, sequences, follow-ups, CRM updates, attribution, and reporting around the outbound role."", ""role_family"": ""direct_outbound"", ""status"": ""opportunity_detected""}"
pipeline_engine_hiring_intent,2026-06-22T10:54:14.507991+00:00,company,job:4431673542,,,,Synthetic Users,https://www.linkedin.com/company/syntheticusers/,https://www.syntheticusers.com/,syntheticusers.com,https://linkedin.com/jobs/view/4431673542,Synthetic Users is actively hiring a Sales Development Representative. The role indicates current investment in outbound or pipeline capacity.,"{""evidence_terms"": [""outbound"", ""sales development""], ""intent_score"": 100, ""job_id"": ""4431673542"", ""job_title"": ""Sales Development Representative"", ""offer_angle"": ""Build the targeting, lead sourcing, sequences, follow-ups, CRM updates, attribution, and reporting around the outbound role."", ""role_family"": ""direct_outbound"", ""status"": ""opportunity_detected""}"
pipeline_engine_hiring_intent,2026-06-22T10:54:14.507991+00:00,company,job:4371300864,,,,Granola,https://www.linkedin.com/company/meetgranola/,https://go.granola.so/MXkGRGS,go.granola.so,https://linkedin.com/jobs/view/4371300864,Granola is actively hiring a Sales Development Representative. The role indicates current investment in outbound or pipeline capacity.,"{""evidence_terms"": [""outbound"", ""salesforce"", ""sales development""], ""intent_score"": 100, ""job_id"": ""4371300864"", ""job_title"": ""Sales Development Representative"", ""offer_angle"": ""Build the targeting, lead sourcing, sequences, follow-ups, CRM updates, attribution, and reporting around the outbound role."", ""role_family"": ""direct_outbound"", ""status"": ""opportunity_detected""}"
pipeline_engine_hiring_intent,2026-06-22T10:54:14.507991+00:00,company,job:4326546631,,,,Applied Systems,https://www.linkedin.com/company/applied-systems/,https://www1.appliedsystems.com/en-us,www1.appliedsystems.com,https://linkedin.com/jobs/view/4326546631,Applied Systems is actively hiring an Associate Business Development Representative. The role indicates current investment in outbound or pipeline capacity.,"{""evidence_terms"": [""lead generation"", ""salesforce""], ""intent_score"": 100, ""job_id"": ""4326546631"", ""job_title"": ""Associate Business Development Representative"", ""offer_angle"": ""Build the targeting, lead sourcing, sequences, follow-ups, CRM updates, attribution, and reporting around the outbound role."", ""role_family"": ""direct_outbound"", ""status"": ""opportunity_detected""}"
pipeline_engine_hiring_intent,2026-06-22T10:54:14.507991+00:00,company,job:4416576698,,,,Actuate,https://www.linkedin.com/company/actuate-iot/,http://www.actuateiot.com/,actuateiot.com,https://linkedin.com/jobs/view/4416576698,Actuate is actively hiring a Business Development Representative. The role indicates current investment in outbound or pipeline capacity.,"{""evidence_terms"": [""outbound"", ""prospecting"", ""crm"", ""hubspot"", ""sales development""], ""intent_score"": 100, ""job_id"": ""4416576698"", ""job_title"": ""Business Development Representative"", ""offer_angle"": ""Build the targeting, lead sourcing, sequences, follow-ups, CRM updates, attribution, and reporting around the outbound role."", ""role_family"": ""direct_outbound"", ""status"": ""opportunity_detected""}"
pipeline_engine_hiring_intent,2026-06-22T10:54:14.507991+00:00,company,job:4430374863,,,,Berkeley Industrial Engineering & Operations Research,https://www.linkedin.com/company/berkeley-ieor/,https://ieor.berkeley.edu/,ieor.berkeley.edu,https://linkedin.com/jobs/view/4430374863,Berkeley Industrial Engineering & Operations Research is actively hiring an Entry Level Business Development Representative at Strategic Marketing. The role indicates current investment in outbound or pipeline capacity.,"{""evidence_terms"": [], ""intent_score"": 100, ""job_id"": ""4430374863"", ""job_title"": ""Entry Level Business Development Representative at Strategic Marketing"", ""offer_angle"": ""Build the targeting, lead sourcing, sequences, follow-ups, CRM updates, attribution, and reporting around the outbound role."", ""role_family"": ""direct_outbound"", ""status"": ""opportunity_detected""}"
pipeline_engine_hiring_intent,2026-06-22T10:54:14.507991+00:00,company,job:4342867885,,,,Snowflake,https://www.linkedin.com/company/snowflake-computing/,http://www.snowflake.com/,snowflake.com,https://linkedin.com/jobs/view/4342867885,Snowflake is actively hiring a Sales Development Representative. The role indicates current investment in outbound or pipeline capacity.,"{""evidence_terms"": [""outbound"", ""sales development""], ""intent_score"": 100, ""job_id"": ""4342867885"", ""job_title"": ""Sales Development Representative"", ""offer_angle"": ""Build the targeting, lead sourcing, sequences, follow-ups, CRM updates, attribution, and reporting around the outbound role."", ""role_family"": ""direct_outbound"", ""status"": ""opportunity_detected""}"
pipeline_engine_hiring_intent,2026-06-22T10:54:14.507991+00:00,company,job:4428916973,,,,Lio (formerly askLio),https://www.linkedin.com/company/lio-ai/,http://lio.ai/,lio.ai,https://linkedin.com/jobs/view/4428916973,Lio (formerly askLio) is actively hiring a Sales Development Representative (all genders). The role indicates current investment in outbound or pipeline capacity.,"{""evidence_terms"": [""outbound"", ""lead generation"", ""sales development""], ""intent_score"": 100, ""job_id"": ""4428916973"", ""job_title"": ""Sales Development Representative (all genders)"", ""offer_angle"": ""Build the targeting, lead sourcing, sequences, follow-ups, CRM updates, attribution, and reporting around the outbound role."", ""role_family"": ""direct_outbound"", ""status"": ""opportunity_detected""}"
pipeline_engine_hiring_intent,2026-06-22T10:54:14.507991+00:00,company,job:4428903245,,,,"HRCap, Inc.",https://www.linkedin.com/company/hrcap-inc-/,http://www.hrcap.com/,hrcap.com,https://linkedin.com/jobs/view/4428903245,"HRCap, Inc. is actively hiring a Junior Business Development Representative. The role indicates current investment in outbound or pipeline capacity.","{""evidence_terms"": [""outbound"", ""prospecting"", ""lead generation"", ""crm"", ""hubspot"", ""salesforce""], ""intent_score"": 100, ""job_id"": ""4428903245"", ""job_title"": ""Junior Business Development Representative"", ""offer_angle"": ""Build the targeting, lead sourcing, sequences, follow-ups, CRM updates, attribution, and reporting around the outbound role."", ""role_family"": ""direct_outbound"", ""status"": ""opportunity_detected""}"
pipeline_engine_hiring_intent,2026-06-22T14:11:26.306943+00:00,company,job:4431720364,,,,RevPilots,https://www.linkedin.com/company/revpilots/,https://www.revpilots.com/,revpilots.com,https://linkedin.com/jobs/view/4431720364,RevPilots is actively hiring a Sales Development Representative. The role indicates current investment in outbound or pipeline capacity.,"{""company_linkedin_url"": ""https://www.linkedin.com/company/revpilots/"", ""company_website"": ""https://www.revpilots.com/"", ""evidence_terms"": [""sales development""], ""intent_score"": 100, ""job_id"": ""4431720364"", ""job_title"": ""Sales Development Representative"", ""offer_angle"": ""Build the targeting, lead sourcing, sequences, follow-ups, CRM updates, attribution, and reporting around the outbound role."", ""role_family"": ""direct_outbound"", ""status"": ""opportunity_detected""}"
pipeline_engine_hiring_intent,2026-06-22T14:11:26.306943+00:00,company,job:4431180833,,,,Ultimate Technologies Group,https://www.linkedin.com/company/ultimatetechgroup/,https://www.ultimatetechnologiesgroup.com/,ultimatetechnologiesgroup.com,https://linkedin.com/jobs/view/4431180833,Ultimate Technologies Group is actively hiring a Senior Sales Development Representative. The role indicates current investment in outbound or pipeline capacity.,"{""company_linkedin_url"": ""https://www.linkedin.com/company/ultimatetechgroup/"", ""company_website"": ""https://www.ultimatetechnologiesgroup.com/"", ""evidence_terms"": [""outbound"", ""prospecting"", ""lead generation"", ""sales pipeline"", ""crm"", ""hubspot"", ""salesforce"", ""sales development""], ""intent_score"": 100, ""job_id"": ""4431180833"", ""job_title"": ""Senior Sales Development Representative"", ""offer_angle"": ""Build the targeting, lead sourcing, sequences, follow-ups, CRM updates, attribution, and reporting around the outbound role."", ""role_family"": ""direct_outbound"", ""status"": ""opportunity_detected""}"
pipeline_engine_hiring_intent,2026-06-22T14:11:26.306943+00:00,company,job:4431714063,,,,MedVision,https://www.linkedin.com/company/medvisiongroup/,http://www.medvisionsim.com/,medvisionsim.com,https://linkedin.com/jobs/view/4431714063,MedVision is actively hiring a Sales Development Representative. The role indicates current investment in outbound or pipeline capacity.,"{""company_linkedin_url"": ""https://www.linkedin.com/company/medvisiongroup/"", ""company_website"": ""http://www.medvisionsim.com/"", ""evidence_terms"": [""lead generation"", ""salesforce"", ""sales development""], ""intent_score"": 100, ""job_id"": ""4431714063"", ""job_title"": ""Sales Development Representative"", ""offer_angle"": ""Build the targeting, lead sourcing, sequences, follow-ups, CRM updates, attribution, and reporting around the outbound role."", ""role_family"": ""direct_outbound"", ""status"": ""opportunity_detected""}"
pipeline_engine_hiring_intent,2026-06-22T14:11:26.306943+00:00,company,job:4430552461,,,,DPA Auctions,https://www.linkedin.com/company/dpaauctions/,https://www.dpaauctions.com/sell/,dpaauctions.com,https://linkedin.com/jobs/view/4430552461,DPA Auctions is actively hiring a Business Development Representative. The role indicates current investment in outbound or pipeline capacity.,"{""company_linkedin_url"": ""https://www.linkedin.com/company/dpaauctions/"", ""company_website"": ""https://www.dpaauctions.com/sell/"", ""evidence_terms"": [""outbound"", ""prospecting"", ""appointment setting"", ""sales pipeline"", ""crm"", ""qualified leads""], ""intent_score"": 100, ""job_id"": ""4430552461"", ""job_title"": ""Business Development Representative"", ""offer_angle"": ""Build the targeting, lead sourcing, sequences, follow-ups, CRM updates, attribution, and reporting around the outbound role."", ""role_family"": ""direct_outbound"", ""status"": ""opportunity_detected""}"
pipeline_engine_hiring_intent,2026-06-22T14:11:26.306943+00:00,company,job:4431721213,,,,"Solutionreach, Inc.",https://www.linkedin.com/company/solutionreach/,https://www.solutionreach.com/,solutionreach.com,https://linkedin.com/jobs/view/4431721213,"Solutionreach, Inc. is actively hiring an Enterprise Sales Development Representative. The role indicates current investment in outbound or pipeline capacity.","{""company_linkedin_url"": ""https://www.linkedin.com/company/solutionreach/"", ""company_website"": ""https://www.solutionreach.com/"", ""evidence_terms"": [""outbound"", ""prospecting"", ""book meetings"", ""crm"", ""salesforce"", ""sales development""], ""intent_score"": 100, ""job_id"": ""4431721213"", ""job_title"": ""Enterprise Sales Development Representative"", ""offer_angle"": ""Build the targeting, lead sourcing, sequences, follow-ups, CRM updates, attribution, and reporting around the outbound role."", ""role_family"": ""direct_outbound"", ""status"": ""opportunity_detected""}"
pipeline_engine_hiring_intent,2026-06-22T14:11:26.306943+00:00,company,job:4341756134,,,,ZimVie,https://www.linkedin.com/company/zimvie/,http://www.zimvie.com/,zimvie.com,https://linkedin.com/jobs/view/4341756134,"ZimVie is actively hiring a Clinical Business Development Representative (Irvine, CA). The role indicates current investment in outbound or pipeline capacity.","{""company_linkedin_url"": ""https://www.linkedin.com/company/zimvie/"", ""company_website"": ""http://www.zimvie.com/"", ""evidence_terms"": [""crm""], ""intent_score"": 100, ""job_id"": ""4341756134"", ""job_title"": ""Clinical Business Development Representative (Irvine, CA)"", ""offer_angle"": ""Build the targeting, lead sourcing, sequences, follow-ups, CRM updates, attribution, and reporting around the outbound role."", ""role_family"": ""direct_outbound"", ""status"": ""opportunity_detected""}"
pipeline_engine_hiring_intent,2026-06-22T14:11:26.306943+00:00,company,job:4368041445,,,,Vendition,https://www.linkedin.com/company/govendition/,https://vendition.com/,vendition.com,https://linkedin.com/jobs/view/4368041445,Vendition is actively hiring a Sales Development Representative. The role indicates current investment in outbound or pipeline capacity.,"{""company_linkedin_url"": ""https://www.linkedin.com/company/govendition/"", ""company_website"": ""https://vendition.com/"", ""evidence_terms"": [""cold calling"", ""prospecting"", ""sales development""], ""intent_score"": 100, ""job_id"": ""4368041445"", ""job_title"": ""Sales Development Representative"", ""offer_angle"": ""Build the targeting, lead sourcing, sequences, follow-ups, CRM updates, attribution, and reporting around the outbound role."", ""role_family"": ""direct_outbound"", ""status"": ""opportunity_detected""}"
pipeline_engine_hiring_intent,2026-06-22T14:11:26.306943+00:00,company,job:4431718069,,,,Bucks Bama Blitz,https://www.linkedin.com/company/bucks-bama-blitz/,,,https://linkedin.com/jobs/view/4431718069,Bucks Bama Blitz is actively hiring a Sales Development Representative. The role indicates current investment in outbound or pipeline capacity.,"{""company_linkedin_url"": ""https://www.linkedin.com/company/bucks-bama-blitz/"", ""company_website"": """", ""evidence_terms"": [""sales development""], ""intent_score"": 100, ""job_id"": ""4431718069"", ""job_title"": ""Sales Development Representative"", ""offer_angle"": ""Build the targeting, lead sourcing, sequences, follow-ups, CRM updates, attribution, and reporting around the outbound role."", ""role_family"": ""direct_outbound"", ""status"": ""opportunity_detected""}"
pipeline_engine_hiring_intent,2026-06-22T14:11:26.306943+00:00,company,job:4430533906,,,,InnoSource,https://www.linkedin.com/company/innosource/,http://www.innosource.com/,innosource.com,https://linkedin.com/jobs/view/4430533906,InnoSource is actively hiring a Business Development Representative. The role indicates current investment in outbound or pipeline capacity.,"{""company_linkedin_url"": ""https://www.linkedin.com/company/innosource/"", ""company_website"": ""http://www.innosource.com/"", ""evidence_terms"": [""outbound"", ""prospecting"", ""crm""], ""intent_score"": 100, ""job_id"": ""4430533906"", ""job_title"": ""Business Development Representative"", ""offer_angle"": ""Build the targeting, lead sourcing, sequences, follow-ups, CRM updates, attribution, and reporting around the outbound role."", ""role_family"": ""direct_outbound"", ""status"": ""opportunity_detected""}"
pipeline_engine_hiring_intent,2026-06-22T14:11:26.306943+00:00,company,job:4291633466,,,,Siro,https://www.linkedin.com/company/siro-ai/,http://www.siro.ai/,siro.ai,https://linkedin.com/jobs/view/4291633466,Siro is actively hiring a Business Development Representative. The role indicates current investment in outbound or pipeline capacity.,"{""company_linkedin_url"": ""https://www.linkedin.com/company/siro-ai/"", ""company_website"": ""http://www.siro.ai/"", ""evidence_terms"": [""crm"", ""salesforce""], ""intent_score"": 100, ""job_id"": ""4291633466"", ""job_title"": ""Business Development Representative"", ""offer_angle"": ""Build the targeting, lead sourcing, sequences, follow-ups, CRM updates, attribution, and reporting around the outbound role."", ""role_family"": ""direct_outbound"", ""status"": ""opportunity_detected""}"
